OID,Cid,Comment,DescName,ShipCid,ModelAssetCid,ModelScaleper,Tier,Level,DissolveType,Race,Grade,FactionId,Attack,CriPer,CriDamagePer,MaxHp,PhysicalDefense,MagicDefense,MasteryExp,CharacterExp,GuildExp,DropMinGold,DropMaxGold,DoodadLootGroupCids,DoodadSpawnRange,ObjectLootGroupCids,LootGroupCids,InventoryLootGroupCid,IsDropPriority,CombatCommonAICid,NormalSkillIds,ActiveSkillIds,SkillUseType,HonorScore,Weak,RunSpeed,WalkSpeed,CanHalt,StatusChangeCidOnReturn,SightRange,ChaseRange,KiteLimitTime,AntiKiteSkillId,PassiveBuffStatusChangeCids,MarkerOffset,UnderWater,HaltType,CorpseDoodadCid,ShowNameTag
1,1,푸른 멧돼지_프로토타입 (소형),푸른 멧돼지,0,10000,1000,Tier1,1,Normal,Animal,Normal,201,10,50,50,100,10,10,0,10,0,10,10,,,,[424013],0,FALSE,10,,,Random,0,,300,150,TRUE,20000000,400,2000,,,,0,FALSE,Normal,,TRUE
2,2,붉은 멧돼지_프로토타입,붉은 멧돼지,0,10001,1000,Tier1,1,Normal,Animal,Normal,201,10,50,50,100,10,10,100,10,0,10,10,,,,[424013],0,TRUE,10,,,Random,0,,300,150,TRUE,20000000,400,2000,,,,0,FALSE,Normal,,TRUE
3,3,물소_프로토타입,물소,0,10002,1000,Tier1,1,Normal,Animal,Normal,201,10,50,50,100,10,10,0,10,0,10,10,,,,[],0,TRUE,10,,,Random,0,,300,150,TRUE,20000000,400,2000,,,,0,FALSE,Normal,,TRUE
4,4,늑대_프로토타입,늑대,0,10003,1000,Tier1,1,Normal,Animal,Normal,201,10,50,50,100,10,10,0,10,0,10,10,,,,[],0,TRUE,10,,,Random,0,,300,150,TRUE,20000000,400,2000,,,,0,FALSE,Normal,,TRUE
5,5,늑대인간_프로토타입(무두질 테스트),스켈레톤 마법병,0,10024,1000,Tier1,1,Normal,Another,Normal,201,10,50,50,100,10,10,0,10,0,10,10,,,,[],0,TRUE,10,,,Random,0,,300,150,TRUE,20000000,400,2000,,,,0,FALSE,Normal,,TRUE
6,6,거북이_프로토타입(무두질 테스트),거북이,0,10021,1000,Tier1,1,Normal,Animal,Normal,201,10,50,50,100,10,10,0,10,0,10,10,,,,[],0,TRUE,10,,,Random,0,,300,150,TRUE,20000000,400,2000,,,,0,FALSE,Normal,,TRUE
7,7,악어_프로토타입,악어,0,10006,1000,Tier1,1,Normal,Animal,Normal,201,10,50,50,100,10,10,0,10,0,10,10,,,,[],0,TRUE,10,,,Random,0,,300,150,TRUE,20000000,400,2000,,,,0,FALSE,Normal,,TRUE
101101,101101,이벤트 npc,이벤트 상인,0,40014,1000,Tier1,2,Normal,Animal,Normal,201,10,0,0,100,10,10,0,10,0,10,10,,,,[],0,TRUE,10,[20150011],,Random,5,,300,150,TRUE,20000000,400,2000,,,,0,FALSE,Normal,,TRUE
101102,101102,이벤트 npc,이벤트 상인,0,40014,1000,Tier1,2,Normal,Animal,Normal,201,10,0,0,100,10,10,0,10,0,10,10,,,,[],0,TRUE,10,[20150011],,Random,5,,300,150,TRUE,20000000,400,2000,,,,0,FALSE,Normal,,TRUE
101103,101103,부활지 버프용 몬스터,누이 신관,0,40000,1000,Tier1,1,Normal,Human,Normal,113,0,0,0,10000,0,0,0,10,0,10,10,,,,[],0,TRUE,10,,,Random,0,,0,0,TRUE,20000000,400,2000,,,[601],0,FALSE,Normal,,FALSE
101701,101701,이니스 퀘스트용 마차,이니스 마차,0,39001,1000,Tier1,50,Normal,Machine,Commander,111,0,0,0,10000,1000,1000,0,15,0,10,10,,,,[],0,TRUE,10,,,Random,0,,300,300,TRUE,20000000,600,2500,,,,0,FALSE,Normal,,TRUE
101801,101801,이니스 안드리온+마상,안드리온,0,39002,1000,Tier1,50,Normal,Human,Hero,111,0,0,0,10000,1000,1000,0,40,0,10,10,,,,[],0,TRUE,101801,,,Random,0,,500,230,FALSE,20000000,400,2000,,,[30000001],0,FALSE,Never,,TRUE
10001101,10001101,이니스 바위게 - 근거리,이니스 바위게,0,10020,250,Tier1,1,Normal,Animal,Normal,201,32,0,0,207,14,0,10,10,0,9,11,,,,[],0,TRUE,10,"[21110004,21110005]",[21110006],Random,0,,300,150,TRUE,20000000,400,2000,,,,0,FALSE,Normal,,TRUE
10001102,10001102,이니스 악어거북 - 근거리,이니스 악어거북,0,10021,500,Tier1,1,Normal,Animal,Normal,201,32,0,0,207,14,0,10,10,0,9,11,,,,[],0,TRUE,10,[21110007],[21110008],Random,0,,300,150,TRUE,20000000,400,2000,,,,0,FALSE,Normal,,TRUE
10001103,10001103,이니스 바위게 - 근거리(선공),이니스 바위게,0,10020,350,Tier1,3,Normal,Animal,Normal,201,32,0,0,207,14,0,10,10,0,9,11,,,,[],0,TRUE,25,"[21110004,21110005]",[21110006],Random,0,,300,150,TRUE,20000000,400,2000,,,,0,FALSE,Normal,,TRUE
10001104,10001104,이니스 악어거북 - 근거리(선공),이니스 악어거북,0,10021,600,Tier1,3,Normal,Animal,Normal,201,32,0,0,207,14,0,10,10,0,9,11,,,,[],0,TRUE,25,[21110007],[21110008],Random,0,,300,150,TRUE,20000000,400,2000,,,,0,FALSE,Normal,,TRUE
10002101,10002101,멧돼지 - 근거리(Male),솔즈리드 멧돼지,0,10003,1000,Tier2,1,Normal,Animal,Normal,201,117,0,0,820,32,0,10,15,0,9,11,,,,"[500001,424013]",0,TRUE,23,"[20150011,20150012]",[21350001],Random,0,,300,150,TRUE,20000000,400,2000,,,,0,FALSE,Normal,,TRUE
10002102,10002102,멧돼지 - 근거리(Female),솔즈리드 멧돼지,0,10094,1000,Tier2,1,Normal,Animal,Normal,201,117,0,0,820,32,0,10,15,0,9,11,,,,"[500001,424013]",0,TRUE,20,"[20150011,20150012]",[21350001],Random,0,,300,150,TRUE,20000000,400,2000,,,,0,FALSE,Normal,,TRUE
10002103,10002103,멧돼지 - 근거리(Young),새끼 솔즈리드 멧돼지,0,10095,1000,Tier2,1,Normal,Animal,Normal,201,117,0,0,820,32,0,10,15,0,9,11,,,,"[500001,424013]",0,TRUE,16,"[20150014,20150015,20150016]",,Random,0,,300,150,TRUE,20000000,400,2000,,,,0,FALSE,Normal,,TRUE
10002301,10002301,난폭한 멧돼지 - 근거리,난폭한 솔즈리드 멧돼지,0,10055,700,Tier2,1,Normal,Animal,Strong,201,128,0,0,984,36,0,10,18,0,9,11,,,,"[500001,424013]",0,TRUE,24,[20150011],[21110048],Random,0,,300,150,TRUE,20000000,500,2000,,,,0,FALSE,Normal,,TRUE
10002104,10002104,배고픈 불곰 - 근거리(Male),배고픈 갈색 불곰,0,10006,1100,Tier2,1,Normal,Animal,Normal,201,93,0,0,984,39,0,10,15,0,9,11,,,,"[500001,424015]",0,TRUE,25,"[20150011,20150012,20150013]",,Random,0,,300,150,TRUE,20000000,400,2000,,,,0,FALSE,Normal,,TRUE
10002105,10002105,배고픈 불곰 - 근거리(Female),배고픈 갈색 불곰,0,10089,1000,Tier2,1,Normal,Animal,Normal,201,117,0,0,820,32,0,10,15,0,9,11,,,,"[500001,424015]",0,TRUE,28,"[20150011,20150012,20150013]",,Random,0,,300,150,TRUE,20000000,400,2000,,,,0,FALSE,Normal,,TRUE
10002106,10002106,배고픈 불곰 - 근거리(Cub),배고픈 새끼 갈색 불곰,0,10090,1000,Tier2,1,Normal,Animal,Normal,201,117,0,0,820,32,0,10,15,0,9,11,,,,"[500001,424015]",0,TRUE,24,"[20150014,20150015,20150016]",,Random,0,,300,150,TRUE,20000000,400,2000,,,,0,FALSE,Normal,,TRUE
10002302,10002302,성난 불곰 - 근거리,성난 갈색 불곰,0,10056,900,Tier2,1,Normal,Animal,Strong,201,103,0,0,1181,43,0,10,18,0,9,11,,,,"[500001,424015]",0,TRUE,25,[20150011],[23110005],Random,0,,300,150,TRUE,20000000,500,2000,,,,0,FALSE,Normal,,TRUE
10002107,10002107,바위 거북 - 근거리,백월만 바위 거북,0,10021,1000,Tier2,1,Normal,Animal,Normal,201,93,0,0,984,39,0,10,15,0,9,11,,,,[500001],0,TRUE,22,[21110049],[21110050],Random,0,,300,150,TRUE,20000000,400,2000,,,,0,FALSE,Normal,,TRUE
10002303,10002303,거대 게 - 근거리,백월만 거대 게,0,10020,700,Tier2,1,Normal,Animal,Strong,201,103,0,0,1181,43,0,10,18,0,9,11,,,,[500001],0,TRUE,22,"[21110051,21110052]",[21110053],Random,0,,300,150,TRUE,20000000,500,2000,,,,0,FALSE,Normal,,TRUE
10101101,10101101,물 정령,물 정령,0,10049,800,Tier1,4,Normal,Spirit,Normal,201,57,0,0,242,12,0,10,10,0,9,11,,,,[],0,TRUE,71,[20250024],[21250015],Random,0,,300,150,TRUE,20000000,400,2000,,,[20900003],0,FALSE,Normal,,TRUE
10101102,10101102,나무 정령,나무 정령,0,10050,800,Tier1,4,Normal,Spirit,Normal,201,69,0,0,193,12,0,10,10,0,9,11,,,,[],0,TRUE,71,"[20150011,20150012]",[21110046],Random,0,,300,150,TRUE,20000000,400,2000,,,[20900003],0,FALSE,Normal,,TRUE
10101103,10101103,바위 정령,바위 정령,0,10051,800,Tier1,4,Normal,Spirit,Normal,201,46,0,0,290,14,0,10,10,0,9,11,,,,[],0,TRUE,71,"[20150011,20150012]",[21310008],Random,0,,300,150,TRUE,20000000,400,2000,,,[20900003],0,FALSE,Normal,,TRUE
10101104,10101104,이끼 정령,이끼 정령,0,10052,800,Tier1,4,Normal,Spirit,Normal,201,57,0,0,242,12,0,10,10,0,9,11,,,,[],0,TRUE,71,[21110047],[21250019],Random,0,,300,150,TRUE,20000000,400,2000,,,[20900003],0,FALSE,Normal,,TRUE
10101105,10101105,물 정령(선공),물 정령,0,10049,800,Tier1,4,Normal,Spirit,Normal,201,57,0,0,242,12,0,10,10,0,9,11,,,,[],0,TRUE,72,[20250024],[21250015],Random,0,,300,150,TRUE,20000000,400,2000,,,[20900003],0,FALSE,Normal,,TRUE
10101106,10101106,나무 정령(선공),나무 정령,0,10050,800,Tier1,4,Normal,Spirit,Normal,201,69,0,0,193,12,0,10,10,0,9,11,,,,[],0,TRUE,72,"[20150011,20150012]",[21110046],Random,0,,300,150,TRUE,20000000,400,2000,,,[20900003],0,FALSE,Normal,,TRUE
10101107,10101107,바위 정령(선공),바위 정령,0,10051,800,Tier1,4,Normal,Spirit,Normal,201,46,0,0,290,14,0,10,10,0,9,11,,,,[],0,TRUE,72,"[20150011,20150012]",[21310008],Random,0,,300,150,TRUE,20000000,400,2000,,,[20900003],0,FALSE,Normal,,TRUE
10101108,10101108,이끼 정령(선공),이끼 정령,0,10052,800,Tier1,4,Normal,Spirit,Normal,201,57,0,0,242,12,0,10,10,0,9,11,,,,[],0,TRUE,72,[21110047],[21250019],Random,0,,300,150,TRUE,20000000,400,2000,,,[20900003],0,FALSE,Normal,,TRUE
10101301,10101301,물 정령(선공),난폭한 물 정령,0,10049,900,Tier1,6,Normal,Spirit,Strong,201,63,0,0,290,13,0,10,12,0,11,13,,,,[],0,TRUE,72,[20250024],[21250015],Random,0,,300,150,TRUE,20000000,500,2000,,,[20900003],0,FALSE,Normal,,TRUE
10101302,10101302,나무 정령(선공),난폭한 나무 정령,0,10050,900,Tier1,6,Normal,Spirit,Strong,201,76,0,0,232,13,0,10,12,0,11,13,,,,[],0,TRUE,72,"[20150011,20150012]",[21110046],Random,0,,300,150,TRUE,20000000,500,2000,,,[20900003],0,FALSE,Normal,,TRUE
10101303,10101303,바위 정령(선공),난폭한 바위 정령,0,10051,900,Tier1,6,Normal,Spirit,Strong,201,50,0,0,348,15,0,10,12,0,11,13,,,,[],0,TRUE,72,"[20150011,20150012]",[21310008],Random,0,,300,150,TRUE,20000000,500,2000,,,[20900003],0,FALSE,Normal,,TRUE
10101304,10101304,이끼 정령(선공),난폭한 이끼 정령,0,10052,900,Tier1,6,Normal,Spirit,Strong,201,63,0,0,290,13,0,10,12,0,11,13,,,,[],0,TRUE,72,[21110047],[21250019],Random,0,,300,150,TRUE,20000000,500,2000,,,[20900003],0,FALSE,Normal,,TRUE
10102101,10102101,물 정령 - 2T,물 정령,0,10049,800,Tier2,6,Normal,Spirit,Normal,201,117,0,0,820,32,0,10,15,0,18,22,,,,[500001],0,TRUE,71,[20250024],[21250015],Random,0,,300,150,TRUE,20000000,400,2000,,,[20900003],0,FALSE,Normal,,TRUE
10102102,10102102,나무 정령 - 2T,나무 정령,0,10050,800,Tier2,6,Normal,Spirit,Normal,201,93,0,0,984,39,0,10,15,0,18,22,,,,[500001],0,TRUE,71,"[20150011,20150012]",[21110046],Random,0,,300,150,TRUE,20000000,400,2000,,,[20900003],0,FALSE,Normal,,TRUE
10102103,10102103,바위 정령 - 2T,바위 정령,0,10051,800,Tier2,6,Normal,Spirit,Normal,201,93,0,0,984,39,0,10,15,0,18,22,,,,[500001],0,TRUE,71,"[20150011,20150012]",[21310008],Random,0,,300,150,TRUE,20000000,400,2000,,,[20900003],0,FALSE,Normal,,TRUE
10102104,10102104,이끼 정령 - 2T,이끼 정령,0,10052,800,Tier2,6,Normal,Spirit,Normal,201,140,0,0,656,32,0,10,15,0,18,22,,,,[500001],0,TRUE,71,[21110047],[21250019],Random,0,,300,150,TRUE,20000000,400,2000,,,[20900003],0,FALSE,Normal,,TRUE
10102106,10102106,흙 정령 - 비선공,흙 정령,0,10074,800,Tier2,12,Normal,Spirit,Normal,201,140,0,0,656,32,0,10,15,0,9,11,,,,[500001],0,TRUE,71,[20150014],[21250021],Random,0,,300,150,TRUE,20000000,400,2000,,,[20900003],0,FALSE,Normal,,TRUE
10102301,10102301,물 정령(선공) - 2T,난폭한 물 정령,0,10049,900,Tier2,8,Normal,Spirit,Strong,201,128,0,0,984,36,0,10,18,0,22,27,,,,[500001],0,TRUE,72,[20250024],[21250015],Random,0,,300,150,TRUE,20000000,500,2000,,,[20900003],0,FALSE,Normal,,TRUE
10102302,10102302,나무 정령(선공) - 2T,난폭한 나무 정령,0,10050,900,Tier2,8,Normal,Spirit,Strong,201,103,0,0,1181,43,0,10,18,0,22,27,,,,[500001],0,TRUE,72,"[20150011,20150012]",[21110046],Random,0,,300,150,TRUE,20000000,500,2000,,,[20900003],0,FALSE,Normal,,TRUE
10102303,10102303,바위 정령(선공) - 2T,난폭한 바위 정령,0,10051,900,Tier2,8,Normal,Spirit,Strong,201,103,0,0,1181,43,0,10,18,0,22,27,,,,[500001],0,TRUE,72,"[20150011,20150012]",[21310008],Random,0,,300,150,TRUE,20000000,500,2000,,,[20900003],0,FALSE,Normal,,TRUE
10102304,10102304,이끼 정령(선공) - 2T,난폭한 이끼 정령,0,10052,900,Tier2,8,Normal,Spirit,Strong,201,154,0,0,787,36,0,10,18,0,22,27,,,,[500001],0,TRUE,72,[21110047],[21250019],Random,0,,300,150,TRUE,20000000,500,2000,,,[20900003],0,FALSE,Normal,,TRUE
10102305,10102305,흙 정령 - 선공,난폭한 흙 정령,0,10075,500,Tier2,14,Normal,Spirit,Strong,201,154,0,0,787,36,0,10,18,0,9,11,,,,[500001],0,TRUE,72,[20150011],[23110007],Random,0,,300,150,TRUE,20000000,500,2000,,,[20900003],0,FALSE,Normal,,TRUE
10190301,10190301,"물 정령(퀘스트용, 선공) - 2T",난폭한 물 정령,0,10049,900,Tier2,8,Normal,Spirit,Strong,201,128,0,0,984,36,0,0,18,0,0,0,,,,[500001],0,TRUE,72,[20250024],[21250015],Random,0,,300,150,TRUE,20000000,500,2000,,,[20900003],0,FALSE,Normal,,TRUE
10190302,10190302,"나무 정령(퀘스트용, 선공) - 2T",난폭한 나무 정령,0,10050,900,Tier2,8,Normal,Spirit,Strong,201,103,0,0,1181,43,0,0,18,0,0,0,,,,[500001],0,TRUE,72,"[20150011,20150012]",[21110046],Random,0,,300,150,TRUE,20000000,500,2000,,,[20900003],0,FALSE,Normal,,TRUE
10190303,10190303,"바위 정령(퀘스트용, 선공) - 2T",난폭한 바위 정령,0,10051,900,Tier2,8,Normal,Spirit,Strong,201,103,0,0,1181,43,0,0,18,0,0,0,,,,[500001],0,TRUE,72,"[20150011,20150012]",[21310008],Random,0,,300,150,TRUE,20000000,500,2000,,,[20900003],0,FALSE,Normal,,TRUE
10190304,10190304,"이끼 정령(퀘스트용, 선공) - 2T",난폭한 이끼 정령,0,10052,900,Tier2,8,Normal,Spirit,Strong,201,154,0,0,787,36,0,0,18,0,0,0,,,,[500001],0,TRUE,72,[21110047],[21250019],Random,0,,300,150,TRUE,20000000,500,2000,,,[20900003],0,FALSE,Normal,,TRUE
10190305,10190305,"물 정령(퀘스트용, 선공) - 2T",날뛰는 물 정령,0,10049,900,Tier2,8,Normal,Spirit,Strong,201,128,0,0,984,36,0,10,18,0,22,27,,,,[500001],0,TRUE,72,[20250024],[21250015],Random,0,,300,150,TRUE,20000000,500,2000,,,[20900003],0,FALSE,Normal,,TRUE
10190306,10190306,"나무 정령(퀘스트용, 선공) - 2T",날뛰는 나무 정령,0,10050,900,Tier2,8,Normal,Spirit,Strong,201,103,0,0,1181,43,0,10,18,0,22,27,,,,[500001],0,TRUE,72,"[20150011,20150012]",[21110046],Random,0,,300,150,TRUE,20000000,500,2000,,,[20900003],0,FALSE,Normal,,TRUE
10190307,10190307,"바위 정령(퀘스트용, 선공) - 2T",날뛰는 바위 정령,0,10051,900,Tier2,8,Normal,Spirit,Strong,201,103,0,0,1181,43,0,10,18,0,22,27,,,,[500001],0,TRUE,72,"[20150011,20150012]",[21310008],Random,0,,300,150,TRUE,20000000,500,2000,,,[20900003],0,FALSE,Normal,,TRUE
10190308,10190308,"이끼 정령(퀘스트용, 선공) - 2T",날뛰는 이끼 정령,0,10052,900,Tier2,8,Normal,Spirit,Strong,201,154,0,0,787,36,0,10,18,0,22,27,,,,[500001],0,TRUE,72,[21110047],[21250019],Random,0,,300,150,TRUE,20000000,500,2000,,,[20900003],0,FALSE,Normal,,TRUE
10201101,10201101,놀 투척꾼 - 원거리 돌 투척(평타),놀 투척꾼,0,10011,800,Tier1,5,Normal,Another,Normal,204,69,0,0,193,12,0,10,10,0,9,11,,,,[91011],0,TRUE,52,[21250001],,Random,0,,300,150,TRUE,20000000,400,2000,,,[20900001],0,FALSE,Normal,,TRUE
10201102,10201102,놀 약탈꾼 - 근거리,놀 약탈꾼,0,10012,800,Tier1,5,Normal,Another,Normal,204,57,0,0,242,12,0,10,10,0,9,11,,,,[91011],0,TRUE,52,"[20150011,20150012]",[21110001],Random,0,,300,150,TRUE,20000000,400,2000,,,[20900001],0,FALSE,Normal,,TRUE
10201103,10201103,놀 싸움꾼 - 근거리,놀 싸움꾼,0,10013,800,Tier1,5,Normal,Another,Normal,204,46,0,0,290,14,0,10,10,0,9,11,,,,[91011],0,TRUE,52,"[20150011,20150012]",[21110002],Random,0,,300,150,TRUE,20000000,400,2000,,,[20900001],0,FALSE,Normal,,TRUE
10201104,10201104,놀 우두머리가 소환하는 부하,놀 지원병,0,10013,800,Tier1,5,Normal,Another,Normal,204,57,0,0,242,12,0,10,10,0,9,11,,,,[91011],0,TRUE,20000001,"[20150011,20150012]",,Random,0,,300,150,TRUE,20000000,400,2000,,,[20900001],0,FALSE,Normal,,TRUE
10201105,10201105,놀 투척꾼 - 원거리 돌 투척(비선공/넓은 배회),놀 투척꾼,0,10011,800,Tier1,3,Normal,Another,Normal,204,69,0,0,193,12,0,10,10,0,9,11,,,,[91011],0,TRUE,51,[21250001],,Random,0,,300,150,TRUE,20000000,400,2000,,,[20900001],0,FALSE,Normal,,TRUE
10201106,10201106,놀 약탈꾼 - 근거리(비선공),놀 약탈꾼,0,10012,800,Tier1,3,Normal,Another,Normal,204,57,0,0,242,12,0,10,10,0,9,11,,,,[91011],0,TRUE,51,"[20150011,20150012]",[21110001],Random,0,,300,150,TRUE,20000000,400,2000,,,[20900001],0,FALSE,Normal,,TRUE
10201107,10201107,놀 싸움꾼 - 근거리(비선공),놀 싸움꾼,0,10013,800,Tier1,3,Normal,Another,Normal,204,46,0,0,290,14,0,10,10,0,9,11,,,,[91011],0,TRUE,51,"[20150011,20150012]",[21110002],Random,0,,300,150,TRUE,20000000,400,2000,,,[20900001],0,FALSE,Normal,,TRUE
10201801,10201801,"놀 우두머리 - 근거리, 부하소환",놀 우두머리,0,10014,450,Tier1,5,Normal,Another,Hero,204,86,0,0,1211,18,0,10,40,0,36,44,,,,[91011],0,TRUE,10201801,"[29110001,29110002,29110003,29110004]","[29110007,29110011,29110017,29910001]",Manual,0,,400,200,FALSE,20000000,800,2000,,,"[20900001,20000002]",0,FALSE,Never,,TRUE
10290101,10290101,놀 투척꾼 - 원거리 돌 투척(퀘스트),난폭해진 놀 투척꾼,0,10011,800,Tier1,5,Normal,Another,Normal,204,69,0,0,193,12,0,0,10,0,0,0,,,,[91011],0,TRUE,52,[21250001],,Random,0,,300,150,TRUE,20000000,900,2000,,,[20900001],0,FALSE,Normal,,TRUE
10290102,10290102,놀 약탈꾼 - 근거리(퀘스트),난폭해진 놀 약탈꾼,0,10012,800,Tier1,5,Normal,Another,Normal,204,57,0,0,242,12,0,0,10,0,0,0,,,,[91011],0,TRUE,52,"[20150011,20150012]",[21110001],Random,0,,300,150,TRUE,20000000,900,2000,,,[20900001],0,FALSE,Normal,,TRUE
10290103,10290103,놀 싸움꾼 - 근거리(퀘스트),난폭해진 놀 싸움꾼,0,10013,800,Tier1,5,Normal,Another,Normal,204,46,0,0,290,14,0,0,10,0,0,0,,,,[91011],0,TRUE,52,"[20150011,20150012]",[21110002],Random,0,,300,150,TRUE,20000000,900,2000,,,[20900001],0,FALSE,Normal,,TRUE
10290801,10290801,"놀 우두머리 - 근거리, 부하소환(퀘스트)",놀 우두머리,0,10014,450,Tier1,5,Normal,Another,Hero,204,86,0,0,1211,18,0,0,40,0,0,0,,,,[91011],0,TRUE,10201801,"[29110001,29110002,29110003,29110004]","[29110007,29110011,29110017,29910001]",Manual,0,,400,200,FALSE,20000000,800,2000,,,"[20900001,20000002]",0,FALSE,Never,,TRUE
10301101,10301101,오크 탐색꾼 - 근거리,오크 탐색꾼,0,10015,800,Tier1,5,Normal,Another,Normal,204,57,0,0,242,12,0,10,10,0,9,11,,,,[91009],0,TRUE,62,[23110001],[21110003],Random,0,,300,150,TRUE,20000000,400,2000,,,[20900002],0,FALSE,Normal,,TRUE
10301102,10301102,"오크 사냥꾼 - 원거리, 속박 기술, 근거리 밀치기",오크 사냥꾼,0,10016,800,Tier1,5,Normal,Another,Normal,204,57,0,0,242,12,0,10,10,0,9,11,,,,[91009],0,TRUE,8002,[20250021],"[21110009,21250003]",Manual,0,,300,150,TRUE,20000000,600,2000,,,[20900002],0,FALSE,Normal,,TRUE
10301103,10301103,"오크 주술사 - 원거리, 근거리 밀치기, 회복",오크 주술사,0,10017,800,Tier1,5,Normal,Another,Normal,204,69,0,0,193,12,0,10,10,0,9,11,,,,[91009],0,TRUE,8003,[20250024],"[21110010,21950001,21910001]",Manual,0,,300,150,TRUE,20000000,400,2000,,,[20900002],0,FALSE,Normal,,TRUE
10301104,10301104,오크 탐색꾼 - 근거리(비선공),오크 탐색꾼,0,10015,800,Tier1,5,Normal,Another,Normal,204,57,0,0,242,12,0,10,10,0,9,11,,,,[91009],0,TRUE,61,[23110001],[21110003],Random,0,,300,150,TRUE,20000000,400,2000,,,[20900002],0,FALSE,Normal,,TRUE
10301105,10301105,"오크 사냥꾼 - 원거리, 속박 기술, 근거리 밀치기(비선공)",오크 사냥꾼,0,10016,800,Tier1,5,Normal,Another,Normal,204,57,0,0,242,12,0,10,10,0,9,11,,,,[91009],0,TRUE,61,[20250021],[21250003],Random,0,,300,150,TRUE,20000000,600,2000,,,[20900002],0,FALSE,Normal,,TRUE
10301106,10301106,"오크 주술사 - 원거리, 근거리 밀치기, 회복(비선공)",오크 주술사,0,10017,800,Tier1,5,Normal,Another,Normal,204,69,0,0,193,12,0,10,10,0,9,11,,,,[91009],0,TRUE,61,[20250024],"[21950001,21910001]",Random,0,,300,150,TRUE,20000000,400,2000,,,[20900002],0,FALSE,Normal,,TRUE
10301301,10301301,"오크 전사 - 근거리, 스턴 기술, 광폭화",오크 전사,0,10018,800,Tier1,5,Normal,Another,Strong,204,50,0,0,348,15,0,10,12,0,11,13,,,,[91009],0,TRUE,8004,[23110001],"[23110002,20410004]",Manual,0,,300,150,TRUE,20000000,500,2000,,,[20900002],0,FALSE,Normal,,TRUE
10301801,10301801,"오크 족장 - 근거리, 영역 광폭화",오크 족장,0,10019,1000,Tier1,5,Boss,Another,Hero,204,69,0,0,1453,21,0,10,40,0,36,44,,,,[91009],0,TRUE,8005,"[29110018,29110019,29110020,29110022]","[29110028,29110032,20410003]",Manual,0,,350,175,FALSE,20000000,800,2000,,,"[20000002,20900002]",0,FALSE,Never,,TRUE
10302101,10302101,오크 탐색꾼 - 근거리,오크 탐색꾼,0,10015,800,Tier2,7,Normal,Another,Normal,204,117,0,0,820,32,0,10,15,0,18,22,,,,"[500001,91009]",0,TRUE,62,[23110001],[21110003],Random,0,,300,150,TRUE,20000000,400,2000,,,[20900002],0,FALSE,Normal,,TRUE
10302102,10302102,"오크 사냥꾼 - 원거리, 속박 기술, 근거리 밀치기",오크 사냥꾼,0,10016,800,Tier2,7,Normal,Another,Normal,204,117,0,0,820,32,0,10,15,0,18,22,,,,"[500001,91009]",0,TRUE,8002,[20250021],"[21110009,21250003]",Manual,0,,300,150,TRUE,20000000,600,2000,,,[20900002],0,FALSE,Normal,,TRUE
10302103,10302103,"오크 주술사 - 원거리, 근거리 밀치기, 회복",오크 주술사,0,10017,800,Tier2,7,Normal,Another,Normal,204,140,0,0,656,32,0,10,15,0,18,22,,,,"[500001,91009]",0,TRUE,8003,[20250024],"[21110010,21950001,21910001]",Manual,0,,300,150,TRUE,20000000,400,2000,,,[20900002],0,FALSE,Normal,,TRUE
10302301,10302301,"오크 전사 - 근거리, 스턴 기술, 광폭화",오크 전사,0,10018,800,Tier2,7,Normal,Another,Strong,204,103,0,0,1181,43,0,10,18,0,22,27,,,,"[500001,91009]",0,TRUE,8004,[23110001],"[23110002,20410004]",Manual,0,,300,150,TRUE,20000000,500,2000,,,[20900002],0,FALSE,Normal,,TRUE
10302801,10302801,"오크 족장 - 근거리, 영역 광폭화",오크 족장,0,10019,1000,Tier2,7,Normal,Another,Hero,204,140,0,0,4921,59,0,10,60,0,72,88,,,,"[500001,91009]",0,TRUE,8005,"[29110018,29110019,29110020,29110022]","[29110028,29110032,20410003]",Manual,0,,350,175,FALSE,20000000,800,2000,,,"[20000002,20900002]",0,FALSE,Never,,TRUE
10390801,10390801,"오크 족장 - 근거리, 영역 광폭화(퀘스트)",오크 족장,0,10019,1000,Tier2,7,Normal,Another,Hero,204,140,0,0,4921,59,0,0,60,0,0,0,,,,"[500001,91009]",0,TRUE,8005,"[29110018,29110019,29110020,29110022]","[29110028,29110032,20410003]",Manual,0,,350,175,FALSE,20000000,800,2000,,,"[20000002,20900002]",0,FALSE,Never,,TRUE
10401101,10401101,"스켈레톤 궁병 - 원거리, 근거리 밀치기",스켈레톤 궁병,0,10022,1000,Tier1,1,Normal,Undead,Normal,201,57,0,0,242,12,0,10,10,0,10,10,,,,[],0,TRUE,10001,[20250011],"[21110011,21250007,21410001]",Manual,0,,300,150,TRUE,20000000,400,2000,,,,0,FALSE,Normal,,TRUE
10401102,10401102,"스켈레톤 창병 - 근거리, 출혈 기술",스켈레톤 창병,0,10023,1000,Tier1,1,Normal,Undead,Normal,201,57,0,0,242,12,0,10,10,0,10,10,,,,[],0,TRUE,25,"[21110012,21110013]","[21110014,21110015]",Random,0,,300,150,TRUE,20000000,400,2000,,,,0,FALSE,Normal,,TRUE
10401103,10401103,"스켈레톤 마법병 - 원거리, 근거리 밀치기, 어둠",스켈레톤 마법병,0,10024,1000,Tier1,1,Normal,Undead,Normal,201,69,0,0,193,12,0,10,10,0,10,10,,,,[],0,TRUE,10003,[20250024],"[21110016,21250009,21550001]",Manual,0,,300,150,TRUE,20000000,400,2000,,,,0,FALSE,Normal,,TRUE
10401104,10401104,"스켈레톤 전사 - 근거리, 단검 던지기, 독 분사",스켈레톤 전사,0,10025,1000,Tier1,1,Normal,Undead,Normal,201,46,0,0,290,14,0,10,10,0,10,10,,,,[],0,TRUE,25,"[21110017,21110018]","[21250010,21310001,21110019]",Random,0,,300,150,TRUE,20000000,400,2000,,,,0,FALSE,Normal,,TRUE
10402101,10402101,"스켈레톤 - 근거리, 독 분사",돌격대원 원혼,0,10063,1000,Tier2,1,Normal,Undead,Normal,201,93,0,0,984,39,0,10,15,0,10,10,,,,[500001],0,TRUE,24,"[21110017,21110018]",[21310001],Random,0,,300,150,TRUE,20000000,400,2000,,,,0,FALSE,Normal,,TRUE
10402102,10402102,"스켈레톤 - 원거리, 회복",수습 의무병 원혼,0,10064,1000,Tier2,1,Normal,Undead,Normal,201,117,0,0,820,32,0,10,15,0,10,10,,,,[500001],0,TRUE,24,[20250024],[21610003],Random,0,,300,150,TRUE,20000000,400,2000,,,,0,FALSE,Normal,,TRUE
10402103,10402103,스켈레톤 - 근거리,선원 원혼,0,10065,1000,Tier2,1,Normal,Undead,Normal,201,117,0,0,820,32,0,10,15,0,10,10,,,,[500001],0,TRUE,24,"[21110017,21110018]",[21110019],Random,0,,300,150,TRUE,20000000,400,2000,,,,0,FALSE,Normal,,TRUE
10402104,10402104,"스켈레톤 - 원거리, 소환",정찰대원 원혼,0,10066,1000,Tier2,1,Normal,Undead,Normal,201,117,0,0,820,32,0,10,15,0,10,10,,,,[500001],0,TRUE,27,[20250011],"[21250007,21410001]",Random,0,,300,150,TRUE,20000000,400,2000,,,,0,FALSE,Normal,,TRUE
10402340,10402340,스켈레톤 - 근거리,돌격대장 원혼,0,10067,1000,Tier2,1,Normal,Undead,Strong,201,103,0,0,1181,43,0,10,18,0,10,10,,,,[500001],0,TRUE,24,"[21110012,21110013]","[21110014,21110015]",Random,0,,300,150,TRUE,20000000,500,2000,,,,0,FALSE,Normal,,TRUE
10402705,10402705,스켈레톤 - 근거리,지휘관 원혼,0,10068,1000,Tier2,1,Normal,Undead,Commander,201,140,0,0,1230,39,0,10,22,0,10,10,,,,[500001],0,TRUE,21,"[21110017,21110018]","[21250010,21310001,21110019]",Random,0,,315,157,TRUE,20000000,600,2500,,,,0,FALSE,Normal,,TRUE
10502101,10502101,망자 - 주민,원한 어린 유령,0,10069,1000,Tier2,1,Normal,Undead,Normal,201,117,0,0,820,32,0,10,15,0,10,10,,,,[500001],0,TRUE,10,[21150004],[21410003],Random,0,,300,150,TRUE,20000000,400,2000,,,,0,FALSE,Normal,,TRUE
10503101,10503101,망자 투사 - 근거리,망가진 시체 투사,0,10039,1000,Tier3,1,Normal,Undead,Normal,201,57,0,0,242,12,0,10,22,0,10,10,,,,[500007],0,TRUE,21,"[20150015,21150005]","[21110063,21110064,21110065,21110066]",Random,0,,300,150,TRUE,20000000,400,2000,,,,0,FALSE,Normal,,TRUE
10503102,10503102,망자 전사 - 근거리,망가진 시체 전사,0,10040,1000,Tier3,1,Normal,Undead,Normal,201,46,0,0,290,14,0,10,22,0,10,10,,,,[500007],0,TRUE,21,"[20150011,20150012]","[21110067,21110068,21550003]",Random,0,,300,150,TRUE,20000000,400,2000,,,,0,FALSE,Normal,,TRUE
10599103,10599103,구울,구울,0,10041,1000,Tier1,1,Normal,Undead,Normal,201,57,0,0,242,12,0,10,10,0,10,10,,,,[],0,TRUE,10,,,Random,0,,300,150,TRUE,20000000,400,2000,,,,0,FALSE,Normal,,TRUE
10599104,10599104,익사체,익사체,0,10042,1000,Tier1,1,Normal,Undead,Normal,201,57,0,0,242,12,0,10,10,0,10,10,,,,[],0,TRUE,10,,,Random,0,,300,150,TRUE,20000000,400,2000,,,,0,FALSE,Normal,,TRUE
10601101,10601101,"도바비안 투사 - 근거리, 빠른 공속, 강화",나차쉬 투사,0,10026,1000,Tier1,1,Normal,Ancient,Normal,201,57,0,0,242,12,0,10,10,0,10,10,,,,[],0,TRUE,10,"[21110022,21110023]",[21110024],Random,0,,300,150,TRUE,20000000,400,2000,,,,0,FALSE,Normal,,TRUE
10601102,10601102,"도바비안 주술사 - 원거리, 근거리 영역, 원거리 약화",나차쉬 주술사,0,10027,1000,Tier1,1,Normal,Ancient,Normal,201,57,0,0,242,12,0,10,10,0,10,10,,,,[],0,TRUE,10,[20250024],"[21310002,21550002]",Random,0,,300,150,TRUE,20000000,400,2000,,,,0,FALSE,Normal,,TRUE
10601103,10601103,"도바비안 전사 - 근거리, 찌르기, 방패막기-강타",나차쉬 전사,0,10028,1000,Tier1,1,Normal,Ancient,Normal,201,46,0,0,290,14,0,10,10,0,10,10,,,,[],0,TRUE,10,"[21110027,21110028]","[21110029,21410002,21110030]",Random,0,,300,150,TRUE,20000000,400,2000,,,,0,FALSE,Normal,,TRUE
10601104,10601104,"도바비안 지휘관 - 원거리(마법형), 영역 피해",나차쉬 지휘관,0,10029,1000,Tier1,1,Normal,Ancient,Commander,201,69,0,0,363,14,0,10,15,0,10,10,,,,[],0,TRUE,10,[20250024],"[21310003,21310005,21310006,21510002]",Random,0,,315,157,FALSE,20000000,600,2500,,,[20000002],0,FALSE,Never,,TRUE
10701101,10701101,"팬텀 궁병 - 원거리 3연사, 원거리 기술",팬텀 궁병,0,10030,1000,Tier1,1,Normal,Ancient,Normal,201,57,0,0,242,12,0,10,10,0,10,10,,,,[],0,TRUE,10,[21250013],"[21310007,21250014,21610001]",Random,0,,300,150,TRUE,20000000,400,2000,,,,0,FALSE,Normal,,TRUE
10701102,10701102,팬텀 대검병 - 근거리 범위,팬텀 대검병,0,10031,1000,Tier1,1,Normal,Ancient,Normal,201,57,0,0,242,12,0,10,10,0,10,10,,,,[],0,TRUE,10,"[21110031,21110032]","[21110033,21110034,21610001]",Random,0,,300,150,TRUE,20000000,400,2000,,,,0,FALSE,Normal,,TRUE
10701103,10701103,팬텀 창병 - 근거리 좁은 범위,팬텀 창병,0,10032,1000,Tier1,1,Normal,Ancient,Normal,201,57,0,0,242,12,0,10,10,0,10,10,,,,[],0,TRUE,10,[21110035],"[21110036,21110037,21610001]",Random,0,,300,150,TRUE,20000000,400,2000,,,,0,FALSE,Normal,,TRUE
10701104,10701104,팬텀 검병 - 근거리 범위,팬텀 검병,0,10033,1000,Tier1,1,Normal,Ancient,Normal,201,57,0,0,242,12,0,10,10,0,10,10,,,,[],0,TRUE,10,"[21110038,21110039]","[21110040,21110041,21610001]",Random,0,,300,150,TRUE,20000000,400,2000,,,,0,FALSE,Normal,,TRUE
10701105,10701105,"팬텀 양손도끼병 - 근거리, 강화",팬텀 양손도끼병,0,10034,1000,Tier1,1,Normal,Ancient,Normal,201,46,0,0,290,14,0,10,10,0,10,10,,,,[],0,TRUE,10,"[21110042,21110043]","[21510003,21110044,21610001]",Random,0,,300,150,TRUE,20000000,400,2000,,,,0,FALSE,Normal,,TRUE
10701801,10701801,"팬텀 대장 - 근거리, 강화, 투척",팬텀 대장,0,10035,1000,Tier1,1,Boss,Ancient,Hero,201,86,0,0,1211,18,0,10,40,0,10,10,,,,[],0,TRUE,10701801,"[25110015,25110016,25110017]","[25110018,25310001,25110019,25110020,25550001,25410001]",Manual,0,,350,175,FALSE,20000000,1000,3000,2000,25550001,[20000002],0,FALSE,Never,,TRUE
10703101,10703101,팬텀 경비병 - 근거리,성채 경비병 원혼,0,10070,1000,Tier3,1,Normal,Undead,Normal,201,156,0,0,1093,57,0,10,22,0,10,10,,,,[500007],0,TRUE,21,[21110035],"[21110036,21110037]",Random,0,,300,150,TRUE,20000000,400,2000,,,,0,FALSE,Normal,,TRUE
10703102,10703102,팬텀 병사 - 검/근거리,성채 병사 원혼,0,10071,1000,Tier3,1,Normal,Undead,Normal,201,156,0,0,1093,57,0,10,22,0,10,10,,,,[500007],0,TRUE,24,"[21110038,21110039]","[21110040,21110041]",Random,0,,300,150,TRUE,20000000,400,2000,,,,0,FALSE,Normal,,TRUE
10703103,10703103,팬텀 궁수 - 활/원거리,성채 궁수 원혼,0,10072,1000,Tier3,1,Normal,Undead,Normal,201,156,0,0,1093,57,0,10,22,0,10,10,,,,[500007],0,TRUE,21,[21250013],"[21310007,21250014]",Random,0,,300,150,TRUE,20000000,400,2000,,,,0,FALSE,Normal,,TRUE
10703701,10703701,팬텀 지휘관 - 검/근거리/탱커,성채 지휘관 원혼,0,10073,1000,Tier3,1,Boss,Undead,Commander,201,187,0,0,1640,68,0,10,33,0,10,10,,,,[500007],0,TRUE,22,"[21110038,21110039]","[21110040,21110041,21610001]",Random,0,,315,157,FALSE,20000000,600,2500,,,,0,FALSE,Normal,,TRUE
10801101,10801101,피 묻은 손 전사 - 근거리,피 묻은 손 전사,0,10043,1000,Tier1,1,Normal,Human,Normal,205,46,0,0,290,14,0,0,10,0,0,0,,,,[],0,TRUE,10,"[20150011,20150012]",[21110045],Random,0,,300,150,TRUE,20000000,400,2000,,,,0,FALSE,Normal,,TRUE
10801102,10801102,피 묻은 손 궁수 - 원거리 물리,피 묻은 손 궁수,0,10044,1000,Tier1,1,Normal,Human,Normal,205,57,0,0,242,12,0,0,10,0,0,0,,,,[],0,TRUE,10,[20250011],[21250016],Random,0,,300,150,TRUE,20000000,400,2000,,,,0,FALSE,Normal,,TRUE
10801103,10801103,피 묻은 손 마법사 - 원거리 마법,피 묻은 손 마법사,0,10045,1000,Tier1,1,Normal,Human,Normal,205,69,0,0,193,12,0,0,10,0,0,0,,,,[],0,TRUE,10,[20250024],[21250017],Random,0,,300,150,TRUE,20000000,400,2000,,,,0,FALSE,Normal,,TRUE
10801104,10801104,피 묻은 손 암살자 - 근거리,피 묻은 손 암살자,0,10046,1000,Tier1,1,Normal,Human,Normal,205,57,0,0,242,12,0,0,10,0,0,0,,,,[],0,TRUE,10,"[20150011,20150012]",[21250018],Random,0,,300,150,TRUE,20000000,400,2000,,,,0,FALSE,Normal,,TRUE
10801105,10801105,"피 묻은 손 암살자(안드리온 호위퀘스트용, SC 29000004)",피 묻은 손 암살자,0,10046,1000,Tier1,1,Normal,Human,Normal,205,57,0,0,242,12,0,0,10,0,0,0,,,,[],0,TRUE,10802105,"[20150011,20150012]",[21250018],Random,0,,300,150,TRUE,20000000,600,1500,,,,0,FALSE,Normal,,TRUE
10801301,10801301,피 묻은 손 돌격대장 - 근거리,피 묻은 손 돌격대장,0,10047,1000,Tier1,1,Normal,Human,Strong,205,50,0,0,348,15,0,0,12,0,0,0,,,,[],0,TRUE,10,"[20150011,20150012]","[23110003,23110004,23410001]",Random,0,,300,150,TRUE,20000000,500,2000,,,,0,FALSE,Normal,,TRUE
10801701,10801701,피 묻은 손 지휘관 - ?,피 묻은 손 지휘관,0,10048,1000,Tier1,1,Normal,Human,Commander,205,69,0,0,363,14,0,0,15,0,0,0,,,,[],0,TRUE,10,[20250024],"[25250001,25250002,25610001]",Random,0,,315,157,TRUE,20000000,600,2500,,,,0,FALSE,Normal,,TRUE
10801801,10801801,피 묻은 손 간부 -,피 묻은 손 간부,0,10053,1000,Tier1,1,Normal,Human,Hero,205,86,0,0,1211,18,0,0,40,0,0,0,,,,[],0,TRUE,10,[20250024],"[29310001,29310002,29310003,29250001,29610001,30410007]",Random,0,,315,157,FALSE,20000000,1000,3000,,,,0,FALSE,Normal,,TRUE
10801901,10801901,부활한 피 묻은 손 간부,부활한 피 묻은 손 간부,0,10054,1650,Tier1,1,Boss,Human,Boss,205,115,0,0,3634,24,0,0,80,0,0,0,,,,[],0,TRUE,10,"[30110014,30110015]","[30150001,30310015,30250003,30410007,30610001]",Random,0,,400,200,FALSE,20000000,1500,4000,,,[20000002],0,FALSE,Never,,TRUE
10802101,10802101,피 묻은 손 전사 - 근거리,피 묻은 손 전사,0,10043,1000,Tier2,10,Normal,Human,Normal,205,117,0,0,820,32,0,0,15,0,0,0,,,,[500001],0,TRUE,108,"[20150011,20150012]",[21110045],Random,0,,300,150,TRUE,20000000,400,2000,,,,0,FALSE,Normal,,TRUE
10802102,10802102,피 묻은 손 궁수 - 원거리 물리,피 묻은 손 궁수,0,10044,1000,Tier2,10,Normal,Human,Normal,205,93,0,0,984,39,0,0,15,0,0,0,,,,[500001],0,TRUE,108,[20250011],[21250016],Random,0,,300,150,TRUE,20000000,400,2000,,,,0,FALSE,Normal,,TRUE
10802103,10802103,피 묻은 손 마법사 - 원거리 마법,피 묻은 손 마법사,0,10045,1000,Tier2,10,Normal,Human,Normal,205,117,0,0,820,32,0,0,15,0,0,0,,,,[500001],0,TRUE,108,[20250024],[21250017],Random,0,,300,150,TRUE,20000000,400,2000,,,,0,FALSE,Normal,,TRUE
10802104,10802104,피 묻은 손 암살자 - 근거리,피 묻은 손 암살자,0,10046,1000,Tier2,10,Normal,Human,Normal,205,140,0,0,656,32,0,0,15,0,0,0,,,,[500001],0,TRUE,108,"[20150011,20150012]",[21250018],Random,0,,300,150,TRUE,20000000,400,2000,,,,0,FALSE,Normal,,TRUE
10802105,10802105,피 묻은 손 암살자(소환용) - 근거리,피 묻은 손 암살자,0,10046,1000,Tier2,10,Normal,Human,Normal,205,117,0,0,820,32,0,0,15,0,0,0,,,,[500001],0,TRUE,10802105,"[20150011,20150012]",[21250018],Random,0,,300,150,TRUE,20000000,400,2000,,,,0,FALSE,Normal,,TRUE
10802301,10802301,피 묻은 손 돌격대장 - 근거리,피 묻은 손 돌격대장,0,10047,1000,Tier2,10,Normal,Human,Strong,205,128,0,0,984,36,0,0,18,0,0,0,,,,[500001],0,TRUE,108,"[20150011,20150012]","[23110003,23110004,23410001]",Random,0,,300,150,TRUE,20000000,500,2000,,,,0,FALSE,Normal,,TRUE
10802701,10802701,피 묻은 손 지휘관 - ?,피 묻은 손 지휘관,0,10048,1000,Tier2,10,Normal,Human,Commander,205,140,0,0,1230,39,0,0,22,0,0,0,,,,[500001],0,TRUE,108,[20250024],"[25250001,25250002,25610001]",Random,0,,315,157,TRUE,20000000,600,2500,,,,0,FALSE,Normal,,TRUE
10802801,10802801,피 묻은 손 간부 -,피 묻은 손 간부,0,10053,1000,Tier2,10,Normal,Human,Hero,205,175,0,0,4101,49,0,0,60,0,0,0,,,,[500001],0,TRUE,108,[20250024],"[29310001,29310002,29310003,29250001,29610001,30410007]",Random,0,,315,157,FALSE,20000000,1000,3000,,,[20000002],0,FALSE,Never,,TRUE
10802901,10802901,부활한 피 묻은 손 간부,부활한 피 묻은 손 간부,0,10054,1650,Tier2,10,Boss,Human,Boss,205,234,0,0,12304,65,0,0,120,0,0,0,,,,[500001],0,TRUE,10802901,"[30110014,30110015]","[30150001,30310015,30250003,30410007,30610001]",Manual,0,,400,200,FALSE,20000000,1500,4000,,,[20000002],0,FALSE,Never,,TRUE
10890101,10890101,피 묻은 손 전사 - 근거리,피 묻은 손 전사,0,10043,1000,Tier2,10,Normal,Human,Normal,205,93,0,0,984,39,0,0,15,0,0,0,,,,[500001],0,TRUE,108,"[20150011,20150012]",[21110045],Random,0,,300,150,TRUE,20000000,400,2000,,,,0,FALSE,Normal,,TRUE
10890701,10890701,피 묻은 손 지휘관 - ?,피 묻은 손 지휘관,0,10048,1000,Tier2,10,Normal,Human,Commander,205,140,0,0,1230,39,0,0,22,0,0,0,,,,[500001],0,TRUE,108,[20250024],"[25250001,25250002,25610001]",Random,0,,315,157,TRUE,20000000,600,2500,,,,0,FALSE,Normal,,TRUE
10890801,10890801,피 묻은 손 지휘관 - 근거리,피 묻은 손 간부,0,10096,1100,Tier3,10,Boss,Human,Hero,205,187,0,0,1640,68,0,0,88,0,0,0,,,,[500007],0,TRUE,108,"[20150011,20150012]","[23110003,23110004,23410001]",Random,0,,350,175,TRUE,20000000,1000,3000,,,,0,FALSE,Normal,,TRUE
10890901,10890901,부활한 피 묻은 손 간부,부활한 피 묻은 손 간부,0,10054,1650,Tier2,10,Boss,Human,Boss,205,234,0,0,12304,65,0,0,120,0,0,0,,,,[500001],0,TRUE,108,"[30110014,30110015]","[30150001,30310015,30250003,30410007,30610001,30110027,30110028,30410008]",Random,0,,400,200,FALSE,20000000,1500,4000,,,[20000002],0,FALSE,Never,,TRUE
10803101,10803101,"피 묻은 손 - 전사,근거리",피 묻은 손 돌격대원,0,10043,1000,Tier3,10,Normal,Human,Normal,205,156,0,0,1093,57,0,0,22,0,0,0,,,,[500007],0,TRUE,108,"[20150011,20150012]",[21110045],Random,0,,300,150,TRUE,20000000,400,2000,,,,0,FALSE,Normal,,TRUE
10803102,10803102,"피 묻은 손 - 의무병,원거리",피 묻은 손 수습 의무병,0,10045,1000,Tier3,10,Normal,Human,Normal,205,156,0,0,1093,57,0,0,22,0,0,0,,,,[500007],0,TRUE,108,[20250024],"[21250017,21610004]",Random,0,,300,150,TRUE,20000000,400,2000,,,,0,FALSE,Normal,,TRUE
10803103,10803103,"피 묻은 손 - 전사, 근거리",피 묻은 손 선원,0,10043,1000,Tier3,10,Normal,Human,Normal,205,156,0,0,1093,57,0,0,22,0,0,0,,,,[500007],0,TRUE,108,"[20150011,20150012]",[21110045],Random,0,,300,150,TRUE,20000000,400,2000,,,,0,FALSE,Normal,,TRUE
10803104,10803104,"피 묻은 손 - 정찰대, 원거리궁수",피 묻은 손 정찰대원,0,10044,1000,Tier3,10,Normal,Human,Normal,205,156,0,0,1093,57,0,0,22,0,0,0,,,,[500007],0,TRUE,108,[20250011],[21250016],Random,0,,300,150,TRUE,20000000,400,2000,,,,0,FALSE,Normal,,TRUE
10803301,10803301,피 묻은 손 돌격대장 - 근거리,피 묻은 손 돌격대장,0,10047,1000,Tier3,10,Normal,Human,Strong,205,137,0,0,1574,75,0,0,27,0,0,0,,,,[500007],0,TRUE,108,"[20150011,20150012]","[23110003,23110004,23410001]",Random,0,,300,150,TRUE,20000000,500,2000,,,,0,FALSE,Normal,,TRUE
10803302,10803302,피 묻은 손 지휘관 - 근거리,피 묻은 손 상급지휘관,0,10096,1100,Tier3,10,Normal,Human,Commander,205,187,0,0,1640,68,0,0,33,0,0,0,,,,[500007],0,TRUE,108,"[20150011,20150012]","[23110003,23110004,23410001]",Random,0,,315,157,TRUE,20000000,600,2500,,,,0,FALSE,Normal,,TRUE
10901501,10901501,오우거 도끼,오우거 도끼,0,10036,800,Tier1,1,Normal,Another,Elite,201,69,0,0,1453,21,0,10,25,0,10,10,,,,[424016],0,TRUE,13001,"[25110001,25110002]","[25110008,25110009,25110010,25110011,25110007]",Manual,0,,330,165,TRUE,20000000,800,2500,3000,25750001,[20000002],0,FALSE,Normal,,TRUE
10901502,10901502,오우거 곤봉,오우거 곤봉,0,10037,800,Tier1,1,Normal,Another,Elite,201,69,0,0,1453,21,0,10,25,0,10,10,,,,[424016],0,TRUE,13002,"[25110001,25110002]","[25110003,25110004,25110005,25110006,25110007]",Manual,0,,330,165,TRUE,20000000,800,2500,3000,25750001,[20000002],0,FALSE,Normal,,TRUE
10901503,10901503,오우거 대검,오우거 대검,0,10038,800,Tier1,1,Normal,Another,Elite,201,69,0,0,1453,21,0,10,25,0,10,10,,,,[424016],0,TRUE,13003,"[25110001,25110002]","[25110012,25110013,25110014,25110007]",Manual,0,,330,165,TRUE,20000000,800,2500,3000,25750001,[20000002],0,FALSE,Normal,,TRUE
11002101,11002101,두들링 염탐꾼 - 근거리,두들링 염탐꾼,0,10009,900,Tier2,1,Normal,Another,Normal,201,117,0,0,820,32,0,10,15,0,10,10,,,,[500001],0,TRUE,26,[20150014],"[21110055,21110056]",Random,0,,300,150,TRUE,20000000,400,2000,,,,0,FALSE,Normal,,TRUE
11002102,11002102,두들링 주술사 - 원거리,두들링 주술사,0,10010,900,Tier2,1,Normal,Another,Normal,201,117,0,0,820,32,0,10,15,0,10,10,,,,[500001],0,TRUE,20,[20250014],[21310012],Random,0,,300,150,TRUE,20000000,400,2000,,,,0,FALSE,Normal,,TRUE
11002103,11002103,두들링 전사 - 근거리,두들링 전사,0,10008,900,Tier2,1,Normal,Another,Normal,201,117,0,0,820,32,0,10,15,0,10,10,,,,[500001],0,TRUE,23,"[20150014,20150015]",[21110054],Random,0,,300,150,TRUE,20000000,400,2000,,,,0,FALSE,Normal,,TRUE
11102101,11102101,육식성 말벌 - 근거리(선공),육식성 말벌,0,10057,800,Tier2,1,Normal,Insect,Normal,201,117,0,0,820,32,0,10,15,0,9,11,,,,"[500001,424014]",0,TRUE,24,[20150011],[21110060],Random,0,,300,150,TRUE,20000000,400,2000,,,,0,FALSE,Normal,,TRUE
11102102,11102102,호위 벌 - 근거리(비선공),호위 벌,0,10058,800,Tier2,1,Normal,Insect,Normal,201,117,0,0,820,32,0,10,15,0,9,11,,,,"[500001,424014]",0,TRUE,24,[20150011],[21110060],Random,0,,300,150,TRUE,20000000,400,2000,,,,0,FALSE,Normal,,TRUE
11102501,11102501,여왕 벌 - 근거리(선공),여왕 벌,0,10059,900,Tier2,1,Normal,Insect,Commander,201,175,0,0,4101,49,0,10,22,0,9,11,,,,"[500001,424014]",0,TRUE,22,[20150011],[25150001],Random,0,,315,157,TRUE,20000000,600,2500,,,,0,FALSE,Normal,,TRUE
11102103,11102103,평원 새끼 거미 - 근거리(비선공),새끼 평원 거미,0,10060,400,Tier2,1,Normal,Insect,Normal,201,117,0,0,820,32,0,10,15,0,9,11,,,,"[500001,424011]",0,TRUE,13,[20150012],[21110062],Random,0,,300,150,TRUE,20000000,400,2000,,,,0,FALSE,Normal,,TRUE
11102104,11102104,평원 거미 - 근거리(선공),평원 거미,0,10061,500,Tier2,1,Normal,Insect,Normal,201,117,0,0,820,32,0,10,15,0,9,11,,,,"[500001,424011]",0,TRUE,24,"[20150012,21110061]",[21110062],Random,0,,300,150,TRUE,20000000,400,2000,,,,0,FALSE,Normal,,TRUE
11102302,11102302,난폭한 평원 거미 - 근거리(선공),난폭한 평원 거미,0,10062,600,Tier2,1,Normal,Insect,Strong,201,128,0,0,984,36,0,10,18,0,9,11,,,,"[500001,424011]",0,TRUE,25,"[21110061,20150012]",[23550001],Random,0,,300,150,TRUE,20000000,500,2000,,,,0,FALSE,Normal,,TRUE
95001001,95001001,허수아비- 1 - PC,허수아비- 1 - PC,0,40015,1000,Tier1,1,Normal,Human,Normal,201,60,0,0,1500,120,0,0,10,0,10,10,,,,[],0,TRUE,10,,,Random,0,,0,0,TRUE,20000000,400,2000,,,,0,FALSE,Normal,,TRUE
95001002,95001002,허수아비- 2 - PC,허수아비- 2 - PC,0,40015,1000,Tier1,1,Normal,Human,Normal,201,92,0,0,2400,328,0,0,10,0,10,10,,,,[],0,TRUE,10,,,Random,0,,0,0,TRUE,20000000,400,2000,,,,0,FALSE,Normal,,TRUE
95001003,95001003,허수아비- 3 - PC,허수아비- 3 - PC,0,40015,1000,Tier1,1,Normal,Human,Normal,201,206,0,0,3400,572,0,0,10,0,10,10,,,,[],0,TRUE,10,,,Random,0,,0,0,TRUE,20000000,400,2000,,,,0,FALSE,Normal,,TRUE
95001004,95001004,허수아비- 4 - PC,허수아비- 4 - PC,0,40015,1000,Tier1,1,Normal,Human,Normal,201,318,0,0,4400,748,0,0,10,0,10,10,,,,[],0,TRUE,10,,,Random,0,,0,0,TRUE,20000000,400,2000,,,,0,FALSE,Normal,,TRUE
95001005,95001005,허수아비- 5 - PC,허수아비- 5 - PC,0,40015,1000,Tier1,1,Normal,Human,Normal,201,490,0,0,5400,1024,0,0,10,0,10,10,,,,[],0,TRUE,10,,,Random,0,,0,0,TRUE,20000000,400,2000,,,,0,FALSE,Normal,,TRUE
95001006,95001006,허수아비- 6 - PC,허수아비- 6 - PC,0,40015,1000,Tier1,1,Normal,Human,Normal,201,704,0,0,6400,1340,0,0,10,0,10,10,,,,[],0,TRUE,10,,,Random,0,,0,0,TRUE,20000000,400,2000,,,,0,FALSE,Normal,,TRUE
95001007,95001007,허수아비- 7 - PC,허수아비- 7 - PC,0,40015,1000,Tier1,1,Normal,Human,Normal,201,948,0,0,7400,1696,0,0,10,0,10,10,,,,[],0,TRUE,10,,,Random,0,,0,0,TRUE,20000000,400,2000,,,,0,FALSE,Normal,,TRUE
95001008,95001008,허수아비- MAX,허수아비- MAX,0,40015,1000,Tier1,1,Normal,Human,Normal,201,1000,0,0,8400,1712,0,0,10,0,10,10,,,,[],0,TRUE,10,,,Random,0,,0,0,TRUE,20000000,400,2000,,,,0,FALSE,Normal,,TRUE
95001101,95001101,허수아비,허수아비,0,40015,1000,Tier1,1,Normal,Human,Normal,201,57,0,0,9999999,12,0,0,10,0,10,10,,,,[],0,TRUE,10,,,Random,0,,0,0,TRUE,20000000,400,2000,,,,0,FALSE,Normal,,TRUE
95001102,95001102,허수아비- 1단계,허수아비,0,40015,1000,Tier1,1,Normal,Human,Normal,201,57,0,0,242,12,0,0,10,0,10,10,,,,[],0,TRUE,10,,,Random,0,,0,0,TRUE,20000000,400,2000,,,,0,FALSE,Normal,,TRUE
95001103,95001103,허수아비- 2단계,허수아비,0,40015,1000,Tier1,1,Normal,Human,Normal,201,57,0,0,242,12,0,0,10,0,10,10,,,,[],0,TRUE,10,,,Random,0,,0,0,TRUE,20000000,400,2000,,,,0,FALSE,Normal,,TRUE
95001104,95001104,허수아비- 3단계,허수아비,0,40015,1000,Tier1,1,Normal,Human,Normal,201,57,0,0,242,12,0,0,10,0,10,10,,,,[],0,TRUE,10,,,Random,0,,0,0,TRUE,20000000,400,2000,,,,0,FALSE,Normal,,TRUE
95001105,95001105,허수아비- 모두 적,모두 적대관계 허수아비,0,40015,1000,Tier1,1,Normal,Human,Normal,202,57,0,0,242,12,0,0,10,0,10,10,,,,[],0,TRUE,10,,,Random,0,,0,0,TRUE,20000000,400,2000,,,,0,FALSE,Normal,,TRUE
95001106,95001106,허수아비- 1 - Mob,허수아비- 1 - Mob,0,40015,1000,Tier1,1,Normal,Human,Normal,201,57,0,0,346,12,0,0,10,0,10,10,,,,[],0,TRUE,10,,,Random,0,,0,0,TRUE,20000000,400,2000,,,,0,FALSE,Normal,,TRUE
95001107,95001107,허수아비- 2 - Mob,허수아비- 2 - Mob,0,40015,1000,Tier1,1,Normal,Human,Normal,201,57,0,0,1172,12,0,0,10,0,10,10,,,,[],0,TRUE,10,,,Random,0,,0,0,TRUE,20000000,400,2000,,,,0,FALSE,Normal,,TRUE
95001108,95001108,허수아비- 3 - Mob,허수아비- 3 - Mob,0,40015,1000,Tier1,1,Normal,Human,Normal,201,57,0,0,1562,12,0,0,10,0,10,10,,,,[],0,TRUE,10,,,Random,0,,0,0,TRUE,20000000,400,2000,,,,0,FALSE,Normal,,TRUE
95001109,95001109,허수아비- 4 - Mob,허수아비- 4 - Mob,0,40015,1000,Tier1,1,Normal,Human,Normal,201,57,0,0,1994,12,0,0,10,0,10,10,,,,[],0,TRUE,10,,,Random,0,,0,0,TRUE,20000000,400,2000,,,,0,FALSE,Normal,,TRUE
95001110,95001110,허수아비- 5 - Mob,허수아비- 5 - Mob,0,40015,1000,Tier1,1,Normal,Human,Normal,201,57,0,0,2320,12,0,0,10,0,10,10,,,,[],0,TRUE,10,,,Random,0,,0,0,TRUE,20000000,400,2000,,,,0,FALSE,Normal,,TRUE
95001111,95001111,허수아비- 6 - Mob,허수아비- 6 - Mob,0,40015,1000,Tier1,1,Normal,Human,Normal,201,57,0,0,2645,12,0,0,10,0,10,10,,,,[],0,TRUE,10,,,Random,0,,0,0,TRUE,20000000,400,2000,,,,0,FALSE,Normal,,TRUE
95001112,95001112,허수아비- 7 - Mob,허수아비- 7 - Mob,0,40015,1000,Tier1,1,Normal,Human,Normal,201,57,0,0,2907,12,0,0,10,0,10,10,,,,[],0,TRUE,10,,,Random,0,,0,0,TRUE,20000000,400,2000,,,,0,FALSE,Normal,,TRUE
95003109,95003109,"마차,안드리온 호위 - 호위병",호위병,0,30015,1000,Tier1,30,Normal,Human,Normal,111,57,0,0,242,12,0,0,10,0,10,10,,,,[],0,TRUE,20000001,"[20950041,20950042]",,Random,0,,400,250,TRUE,,600,1000,,,[30000005],0,FALSE,Normal,,TRUE
95003110,95003110,"마차,안드리온 호위 - 메다드",메다드,0,30014,1000,Tier1,30,Normal,Human,Normal,111,57,0,0,242,12,0,0,10,0,10,10,,,,[],0,TRUE,20000001,"[20950021,20950022]",,Random,0,,400,250,TRUE,,650,1000,,,[30000005],0,FALSE,Normal,,TRUE
95003111,95003111,(퀘스트) 안드리온에게 몬스터를 소환하는 투명 몬스터,몬스터 소환,0,100,1000,Tier1,1,Normal,Human,Normal,111,57,,0,242,12,0,0,10,0,0,0,,,,[],0,TRUE,95003111,[29790001],[29790001],Random,0,,0,0,TRUE,,400,2000,,,,0,FALSE,Normal,,TRUE
95003112,95003112,(퀘스트) 안드리온에게 호위병을 소환하는 투명 몬스터,호위병 소환,0,100,1000,Tier1,1,Normal,Human,Normal,111,57,,0,242,12,0,0,10,0,0,0,,,,[],0,TRUE,95003112,[29790002],[29790002],Random,0,,0,0,TRUE,,400,2000,,,,0,FALSE,Normal,,TRUE
95003113,95003113,[누이신전] 경비병,신전 경비병,0,10076,1000,Tier1,30,Normal,Human,Normal,201,57,0,0,242,12,0,0,10,0,10,10,,,,[],0,TRUE,95003113,,[21150003],Manual,0,,300,150,TRUE,,300,2000,,,[30000006],0,FALSE,Normal,,TRUE
95003114,95003114,[누이신전] 일반 신관,누이 신관,0,10077,1000,Tier1,30,Normal,Human,Normal,201,57,0,0,242,12,0,0,10,0,10,10,,,,[],0,TRUE,26,,,Random,0,,300,150,TRUE,,400,2000,,,,0,FALSE,Normal,,TRUE
95003115,95003115,[누이신전] 투명 어그로 NPC,성물 교란 투명NPC,0,40000,1000,Tier1,30,Normal,Human,Normal,201,57,0,0,242,12,0,0,10,0,10,10,,,,[],0,TRUE,95003115,,,Random,0,,300,150,TRUE,,400,2000,,,,0,FALSE,Normal,,TRUE
95003117,95003117,[누이신전] 신관장,누이 신관장,0,10077,1000,Tier1,30,Normal,Human,Commander,201,57,0,0,242,12,0,0,15,0,10,10,,,,[],0,TRUE,26,,[21310009],Random,0,,300,150,TRUE,,400,2500,,,,0,FALSE,Normal,,TRUE
95003116,95003116,[누이신전] 경비병(성물 주변 소환용),신전 경비병,0,10076,1000,Tier1,30,Normal,Human,Normal,201,57,0,0,242,12,0,0,10,0,10,10,,,,[],0,TRUE,95003113,,[21150003],Manual,0,,300,150,TRUE,,300,2000,,,,0,FALSE,Normal,,TRUE
95003118,95003118,[누이신전] 수행원,수행원,0,30017,1000,Tier1,30,Normal,Human,Normal,111,57,0,0,242,12,0,0,10,0,10,10,,,,[],0,TRUE,20000001,"[20950041,20950042]",,Random,0,,400,250,TRUE,,600,1000,,,,0,FALSE,Normal,,TRUE
95101101,95101101,채집(무두질)몬스터 - 1T,토끼,0,10000,1000,Tier1,1,Normal,Animal,Normal,201,57,0,0,242,19,0,0,10,0,10,10,,,,[],0,TRUE,1001,"[21150001,21150002]",,Random,0,,300,150,TRUE,20000000,400,2000,,,,0,FALSE,Normal,103001,TRUE
95102101,95102101,채집(무두질)몬스터 - 2T,사슴,0,10001,1000,Tier2,1,Normal,Animal,Normal,201,117,0,0,820,32,0,0,15,0,10,10,,,,[500001],0,TRUE,1001,"[20150011,20150012]",,Random,0,,300,150,TRUE,20000000,400,2000,,,,0,FALSE,Normal,103002,TRUE
95103101,95103101,채집(무두질)몬스터 - 3T,여우,0,10002,1000,Tier3,1,Normal,Animal,Normal,201,156,0,0,1093,32,0,0,22,0,10,10,,,,[500007],0,TRUE,1001,"[20150011,20150012]",,Random,0,,300,150,TRUE,20000000,400,2000,,,,0,FALSE,Normal,103003,TRUE
95104101,95104101,채집(무두질)몬스터 - 4T,멧돼지,0,10003,1000,Tier4,1,Normal,Animal,Normal,201,199,0,0,1395,34,0,0,33,0,10,10,,,,"[500003,424013]",0,TRUE,1001,"[20150011,20150012]",,Random,0,,300,150,TRUE,20000000,400,2000,,,,0,FALSE,Normal,103004,TRUE
95105101,95105101,채집(무두질)몬스터 - 5T,늑대,0,10004,1000,Tier5,1,Normal,Animal,Normal,201,232,0,0,1624,34,0,0,49,0,10,10,,,,[],0,TRUE,1001,,,Random,0,,300,150,TRUE,20000000,400,2000,,,,0,FALSE,Normal,103005,TRUE
95106101,95106101,채집(무두질)몬스터 - 6T,무스,0,10005,1000,Tier6,1,Normal,Animal,Normal,201,264,0,0,1851,32,0,0,73,0,10,10,,,,[],0,TRUE,1001,,,Random,0,,300,150,TRUE,20000000,400,2000,,,,0,FALSE,Normal,103006,TRUE
95107101,95107101,채집(무두질)몬스터 - 7T,곰,0,10006,1000,Tier7,1,Normal,Animal,Normal,201,290,0,0,2034,30,0,0,109,0,10,10,,,,[],0,TRUE,1001,,,Random,0,,300,150,TRUE,20000000,400,2000,,,,0,FALSE,Normal,103007,TRUE
10402327,10402327,2T 스켈레톤 마법병_1인 던전 (생명력 회복 버프)_1구역,강인한 집념의 해골 마법사,0,10024,1000,Tier2,5,Normal,Another,Strong,201,154,0,0,787,42,0,10,18,0,112,137,,,[919],"[500001,91017]",0,TRUE,10003,[20250024],[20550001],Manual,0,,300,150,TRUE,20000000,1200,2500,,,"[21000026,21000034]",0,FALSE,Normal,,TRUE
95203101,95203101,"저무는 달의 성 반란군 - 전사,근거리",저무는 달의 성 반란군 돌격대원,0,10097,1000,Tier3,10,Normal,Human,Normal,205,156,0,0,1093,57,0,0,22,0,0,0,,,,[500007],0,TRUE,108,"[20150011,20150012]",[21110045],Random,0,,300,150,TRUE,20000000,400,2000,,,,0,FALSE,Normal,,TRUE
95203102,95203102,"저무는 달의 성 반란군 - 의무병,원거리",저무는 달의 성 반란군 수습 의무병,0,10099,1000,Tier3,10,Normal,Human,Normal,205,156,0,0,1093,57,0,0,22,0,0,0,,,,[500007],0,TRUE,108,[20250024],"[21250017,21610004]",Random,0,,300,150,TRUE,20000000,400,2000,,,,0,FALSE,Normal,,TRUE
95203103,95203103,"저무는 달의 성 반란군 - 궁병, 원거리",저무는 달의 성 반란군 궁병,0,10098,1000,Tier3,10,Normal,Human,Normal,205,156,0,0,1093,57,0,0,22,0,0,0,,,,[500007],0,TRUE,108,[20250011],[21250016],Random,0,,300,150,TRUE,20000000,400,2000,,,,0,FALSE,Normal,,TRUE
95203104,95203104,"저무는 달의 성 반란군 - 암살자,근거리",저무는 달의 성 반란군 정찰병,0,10100,1000,Tier3,10,Normal,Human,Normal,205,156,0,0,1093,57,0,0,22,0,0,0,,,,[500007],0,TRUE,108,"[20150011,20150012]",[21250018],Random,0,,300,150,TRUE,20000000,400,2000,,,,0,FALSE,Normal,,TRUE
95203701,95203701,저무는 달의 성 반란군 지휘관 - 근거리,저무는 달의 성 반란군 지휘관,0,10101,1000,Tier3,10,Normal,Human,Commander,205,137,0,0,1574,75,0,0,33,0,0,0,,,,[500007],0,TRUE,108,[20250024],"[25250001,25250002,25610001]",Random,0,,315,157,TRUE,20000000,500,2000,,,,0,FALSE,Normal,,TRUE
95203901,95203901,지휘관 악마버전 - 사신,심연의 코맥,0,10102,700,Tier3,10,Normal,Undead,Boss,205,187,0,0,1640,68,0,0,176,0,0,0,,,,[500007],0,TRUE,108,"[30110029,30110030,30110031]","[30150002,30310020]",Random,0,,400,200,TRUE,20000000,600,2500,,,,0,FALSE,Normal,,TRUE
10402301,10402301,2T 스켈레톤 전사 - 시작 지점 1/2 기어 올라오는 스폰 (1마리),스켈레톤 전사,0,10023,1000,Tier2,5,Normal,Another,Elite,201,103,0,0,1181,28,0,10,37,0,10,10,[903],0,,[500001],0,TRUE,25,"[21110012,21110013]","[21110014,21110015]",Random,0,,450,225,TRUE,20000000,3500,5000,,,,0,FALSE,Normal,,TRUE
10402302,10402302,2T 스켈레톤 궁병 - 시작 지점 2/2 땅속 스폰 (3마리),스켈레톤 궁병,0,10022,1000,Tier2,5,Normal,Another,Strong,201,128,0,0,984,35,0,10,18,0,10,10,[903],0,,[500001],0,TRUE,10001,[20250011],"[21110011,21250007,21410001]",Manual,0,,350,175,TRUE,20000000,800,3000,,,,0,FALSE,Normal,,TRUE
10402303,10402303,2T 스켈레톤 궁병 - 첫번째 다리 1/2 땅속 스폰 (3마리),스켈레톤 궁병,0,10022,1000,Tier2,5,Normal,Another,Strong,201,128,0,0,984,35,0,10,18,0,10,10,[903],0,,[500001],0,TRUE,10001,[20250011],"[21110011,21250007,21410001]",Manual,0,,350,175,TRUE,20000000,800,3000,,,,0,FALSE,Normal,,TRUE
10402304,10402304,2T 스켈레톤 창병 - 첫번째 다리 2/2 기어올라오는 스폰 (4마리),스켈레톤 창병,0,10023,1000,Tier2,5,Normal,Another,Strong,201,128,0,0,984,35,0,10,18,0,10,10,[903],0,,[500001],0,TRUE,25,"[21110012,21110013]","[21110014,21110015]",Random,0,,450,225,TRUE,20000000,3500,5000,,,,0,FALSE,Normal,,TRUE
10402305,10402305,2T 스켈레톤 마법병 - 첫번째 공터 1/2 땅속 스폰 (2마리),스켈레톤 마법병,0,10024,1000,Tier2,5,Normal,Another,Strong,201,154,0,0,787,42,0,10,18,0,10,10,[903],0,,[500001],0,TRUE,10003,[20250024],"[21110016,21250009,21550001]",Manual,0,,350,175,TRUE,20000000,800,3000,,,,0,FALSE,Normal,,TRUE
10402306,10402306,2T 스켈레톤 창병 - 첫번째 공터 2/2 땅속 스폰 (4마리),스켈레톤 창병,0,10023,1000,Tier2,5,Normal,Another,Strong,201,128,0,0,984,35,0,10,18,0,10,10,[903],0,,[500001],0,TRUE,25,"[21110012,21110013]","[21110014,21110015]",Random,0,,450,225,TRUE,20000000,3500,5000,,,,0,FALSE,Normal,,TRUE
10402307,10402307,2T 스켈레톤 궁병 - 두번째 다리 1/3 기어올라오는 스폰 (3마리),스켈레톤 궁병,0,10022,1000,Tier2,5,Normal,Another,Strong,201,128,0,0,984,35,0,10,18,0,10,10,[903],0,,[500001],0,TRUE,10001,[20250011],"[21110011,21250007,21410001]",Manual,0,,350,175,TRUE,20000000,800,3000,,,,0,FALSE,Normal,,TRUE
10402308,10402308,2T 스켈레톤 전사 - 두번째 다리 2/3 기어올라오는 스폰 (3마리),스켈레톤 전사,0,10025,1000,Tier2,5,Normal,Another,Strong,201,103,0,0,1181,28,0,10,18,0,10,10,[903],0,,[500001],0,TRUE,25,"[21110017,21110018]","[21250010,21310001,21110019]",Random,0,,450,225,TRUE,20000000,4000,6000,,,,0,FALSE,Normal,,TRUE
10402309,10402309,2T 스켈레톤 전사 - 두번째 다리 2/3 기어올라오는 스폰 (2마리),스켈레톤 전사,0,10025,1000,Tier2,5,Normal,Another,Strong,201,103,0,0,1181,28,0,10,18,0,10,10,[903],0,,[500001],0,TRUE,25,"[21110017,21110018]","[21250010,21310001,21110019]",Random,0,,450,225,TRUE,20000000,4000,6000,,,,0,FALSE,Normal,,TRUE
10402310,10402310,2T 스켈레톤 창병 - 두번째 공터 입구 1/2 뒤에서 달려오는 땅속 스폰 (3마리),스켈레톤 창병,0,10023,1000,Tier2,5,Normal,Another,Strong,201,128,0,0,984,35,0,10,18,0,10,10,[903],0,,[500001],0,TRUE,25,"[21110012,21110013]","[21110014,21110015]",Random,0,,450,225,TRUE,20000000,3500,5000,,,,0,FALSE,Normal,,TRUE
10402311,10402311,2T 스켈레톤 마법병 - 두번째 공터 입구 2/2 앞쪽 땅속 스폰 (3마리),스켈레톤 마법병,0,10024,1000,Tier2,5,Normal,Another,Strong,201,154,0,0,787,42,0,10,18,0,10,10,[903],0,,[500001],0,TRUE,10003,[20250024],"[21110016,21250009,21550001]",Manual,0,,350,175,TRUE,20000000,800,3000,,,,0,FALSE,Normal,,TRUE
10402312,10402312,2T 스켈레톤 전사 - 두번째 공터 첫번째 웨이브 1/2 (4마리),스켈레톤 전사,0,10025,1000,Tier2,5,Normal,Another,Strong,201,103,0,0,1181,28,0,10,18,0,10,10,[903],0,,[500001],0,TRUE,25,"[21110017,21110018]","[21250010,21310001,21110019]",Random,0,,450,225,TRUE,20000000,4000,6000,,,,0,FALSE,Normal,,TRUE
10402313,10402313,2T 스켈레톤 궁병 - 두번째 공터 첫번째 웨이브 2/2 (4마리),스켈레톤 궁병,0,10022,1000,Tier2,5,Normal,Another,Strong,201,128,0,0,984,35,0,10,18,0,10,10,[903],0,,[500001],0,TRUE,10001,[20250011],"[21110011,21250007,21410001]",Manual,0,,350,175,TRUE,20000000,700,3000,,,,0,FALSE,Normal,,TRUE
10402314,10402314,2T 스켈레톤 마법병 - 두번째 공터 두번째 웨이브 1/2 (4마리),스켈레톤 마법병,0,10024,1000,Tier2,5,Normal,Another,Strong,201,154,0,0,787,42,0,10,18,0,10,10,[903],0,,[500001],0,TRUE,10003,[20250024],"[21110016,21250009,21550001]",Manual,0,,350,175,TRUE,20000000,800,3000,,,,0,FALSE,Normal,,TRUE
10402315,10402315,2T 스켈레톤 창병 - 두번째 공터 두번째 웨이브 2/2 (4마리),스켈레톤 창병,0,10023,1000,Tier2,5,Normal,Another,Strong,201,128,0,0,984,35,0,10,18,0,10,10,[903],0,,[500001],0,TRUE,25,"[21110012,21110013]","[21110014,21110015]",Random,0,,450,225,TRUE,20000000,3500,5000,,,,0,FALSE,Normal,,TRUE
10706301,10706301,2T 팬텀 창병 - 로밍,팬텀 창병,0,10032,1000,Tier2,5,Normal,Another,Strong,201,128,0,0,984,35,0,10,18,0,10,10,[904],0,,[500001],0,TRUE,25,[21110035],"[21110036,21110037]",Random,0,,300,150,TRUE,20000000,650,3000,,,,0,FALSE,Normal,,TRUE
10706302,10706302,2T 팬텀 양손도끼병 - 고정,팬텀 양손도끼병,0,10034,1000,Tier2,5,Normal,Another,Strong,201,103,0,0,1181,28,0,10,18,0,10,10,[904],0,,[500001],0,TRUE,25,"[21110042,21110043]","[21510003,21110044]",Random,0,,300,150,TRUE,20000000,650,3000,,,,0,FALSE,Normal,,TRUE
10702301,10702301,2T 팬텀 대검병 - 로밍,팬텀 대검병,0,10031,1000,Tier2,5,Normal,Another,Strong,201,128,0,0,984,35,0,10,18,0,10,10,[904],0,,[500001],0,TRUE,25,"[21110031,21110032]","[21110033,21110034]",Random,0,,300,150,TRUE,20000000,650,3000,,,,0,FALSE,Normal,,TRUE
10702302,10702302,2T 팬텀 대검병 - 고정 배치,팬텀 대검병,0,10031,1000,Tier2,5,Normal,Another,Strong,201,128,0,0,984,35,0,10,18,0,10,10,[904],0,,[500001],0,TRUE,25,"[21110031,21110032]","[21110033,21110034]",Random,0,,300,150,TRUE,20000000,650,3000,,,,0,FALSE,Normal,,TRUE
10702801,10702801,2T 팬텀 대장 - 고정 배치,팬텀 대장,0,10035,1000,Tier2,5,Boss,Ancient,Hero,201,175,0,0,4101,48,0,10,60,0,10,10,[907],0,,[500001],0,TRUE,10701801,"[25110015,25110016,25110017]","[25110018,25310001,25110019,25110020,25550001,25410001]",Manual,0,,350,175,TRUE,20000000,1000,3000,2000,25550001,[20000002],0,FALSE,Normal,,TRUE
90002901,90002901,2T 말카바돈 - 팬텀 대장 처치 후 등장,말카바돈,0,10085,1000,Tier2,5,Boss,Ancient,Boss,201,234,0,0,12304,64,0,10,120,0,10,10,,,,[500001],0,TRUE,900002,"[30250001,30250002]","[30310008,30210001,30210002,30210003,30310009,30110007,30110008,30110009,30110010,30110011,30110012,30110013,30310010,30310011,30310012,30310014,30410005,30410006]",Manual,0,,400,200,FALSE,20000000,1500,4000,,,[20000002],250,FALSE,Never,,TRUE
10102105,10102105,2T 물정령_1인 던전,혼란스러워 하는 물정령,0,10049,800,Tier2,1,Normal,Spirit,Normal,201,117,0,0,820,32,0,10,15,0,90,110,[904],0,,[500001],0,TRUE,12,[20250024],[21250015],Random,0,,300,150,TRUE,20000000,400,2000,,,[21000034],0,FALSE,Normal,,TRUE
10102307,10102307,2T 물정령_1인 던전,분노에 사로잡힌 물정령,0,10049,800,Tier2,1,Normal,Spirit,Normal,201,117,0,0,820,32,0,10,15,0,90,110,[904],0,,[500001],0,TRUE,12,"[20150011,20150012]",[21110046],Random,0,,300,150,TRUE,20000000,400,2000,,,[21000034],0,FALSE,Normal,,TRUE
10102308,10102308,2T 바위 정령_1인 던전,자책하는 바위 정령,0,10051,800,Tier2,1,Normal,Spirit,Normal,201,93,0,0,984,25,0,10,15,0,90,110,[904],0,,[500001],0,TRUE,12,"[20150011,20150012]",[21310008],Random,0,,300,150,TRUE,20000000,400,2000,,,[21000034],0,FALSE,Normal,,TRUE
10402320,10402320,2T 스켈레톤 궁병_1인 던전,잊혀진 해골 궁병,0,10022,1000,Tier2,5,Normal,Another,Normal,201,117,0,0,820,32,0,10,15,0,90,110,[904],0,,"[500001,91017]",0,TRUE,10001,[20250011],[21250007],Manual,0,,300,150,TRUE,20000000,1200,2500,,,[21000034],0,FALSE,Normal,,TRUE
10402321,10402321,2T 스켈레톤 전사_1인 던전,잊혀진 해골 전사,0,10025,1000,Tier2,5,Normal,Another,Normal,201,93,0,0,984,25,0,10,15,0,90,110,[904],0,,"[500001,91017]",0,TRUE,25,"[21110017,21110018]",[21310001],Random,0,,350,175,TRUE,20000000,1200,2500,,,[21000034],0,FALSE,Normal,,TRUE
10402322,10402322,2T 스켈레톤 전사_1인 던전,잊혀진 해골 전사,0,10025,1000,Tier2,5,Normal,Another,Normal,201,93,0,0,984,25,0,10,15,0,90,110,[904],0,,"[500001,91017]",0,TRUE,25,"[21110017,21110018]",[21110019],Random,0,,350,175,TRUE,20000000,1200,2500,,,[21000034],0,FALSE,Normal,,TRUE
10402323,10402323,2T 스켈레톤 창병_1인 던전,잊혀진 해골 창병,0,10023,1000,Tier2,5,Normal,Another,Normal,201,117,0,0,820,32,0,10,15,0,90,110,[904],0,,"[500001,91017]",0,TRUE,25,"[21110012,21110013]","[21110014,21110015]",Random,0,,350,175,TRUE,20000000,1200,2500,,,[21000034],0,FALSE,Normal,,TRUE
10402324,10402324,2T 스켈레톤 궁병_1인 던전,잊혀진 해골 궁병,0,10022,1000,Tier2,5,Normal,Another,Normal,201,117,0,0,820,32,0,10,15,0,90,110,[904],0,,"[500001,91017]",0,TRUE,10001,[20250011],[21250007],Manual,0,,300,150,TRUE,20000000,1200,2500,,,[21000034],0,FALSE,Normal,,TRUE
10402325,10402325,2T 스켈레톤 전사_1인 던전,잊혀진 해골 전사,0,10025,1000,Tier2,5,Normal,Another,Normal,201,93,0,0,984,25,0,10,15,0,90,110,[904],0,,"[500001,91017]",0,TRUE,25,"[21110017,21110018]",[21310001],Random,0,,350,175,TRUE,20000000,1200,2500,,,[21000034],0,FALSE,Normal,,TRUE
10402326,10402326,2T 스켈레톤 창병_1인 던전,잊혀진 해골 창병,0,10023,1000,Tier2,5,Normal,Another,Normal,201,117,0,0,820,32,0,10,15,0,90,110,[904],0,,"[500001,91017]",0,TRUE,25,"[21110012,21110013]","[21110014,21110015]",Random,0,,350,175,TRUE,20000000,1200,2500,,,[21000034],0,FALSE,Normal,,TRUE
10402328,10402328,2T 스켈레톤 마법병_1인 던전 (마나 회복 버프)_1구역,넘치는 생기의 해골 마법사,0,10024,1000,Tier2,5,Normal,Another,Strong,201,154,0,0,787,42,0,10,18,0,112,137,,,[920],"[500001,91017]",0,TRUE,10003,[20250024],[21250009],Manual,0,,300,150,TRUE,20000000,1200,2500,,,"[21000030,21000034]",0,FALSE,Normal,,TRUE
10402329,10402329,2T 스켈레톤 전사_1인 던전,잊혀진 해골 전사,0,10025,1000,Tier2,5,Normal,Another,Normal,201,93,0,0,984,25,0,10,15,0,90,110,[904],0,,"[500001,91017]",0,TRUE,25,"[21110017,21110018]",[21110019],Random,0,,350,175,TRUE,20000000,1200,2500,,,[21000034],0,FALSE,Normal,,TRUE
10402330,10402330,2T 스켈레톤 창병_1인 던전_2구역 두번째_땅속 스폰,잊혀진 해골 창병,0,10023,1000,Tier2,5,Normal,Another,Normal,201,117,0,0,820,32,0,10,15,0,90,110,[904],0,,"[500001,91017]",0,TRUE,25,"[21110012,21110013]","[21110014,21110015]",Random,0,,350,175,TRUE,20000000,1200,2500,,,[21000034],0,FALSE,Normal,,TRUE
10402331,10402331,2T 스켈레톤 마법병_1인 던전 (생명력 회복 버프)_2구역 두번째,강인한 집념의 해골 마법사,0,10024,1000,Tier2,5,Normal,Another,Strong,201,154,0,0,787,42,0,10,18,0,112,137,[914],500,,"[500001,91017]",0,TRUE,10003,[20250024],"[21250009,21550001]",Manual,0,,300,150,TRUE,20000000,1200,2500,,,"[21000026,21000034]",0,FALSE,Normal,,TRUE
10402332,10402332,2T 스켈레톤 마법병_1인 던전 (마나 회복 버프)_2구역 두번째,넘치는 생기의 해골 마법사,0,10024,1000,Tier2,5,Normal,Another,Strong,201,154,0,0,787,42,0,10,18,0,112,137,[915],500,,"[500001,91017]",0,TRUE,10003,[20250024],"[21250009,21550001]",Manual,0,,300,150,TRUE,20000000,1200,2500,,,"[21000030,21000034]",0,FALSE,Normal,,TRUE
10402333,10402333,2T 스켈레톤 마법병_1인 던전 (생명력 회복 버프)_2구역 첫번째,강인한 집념의 해골 마법사,0,10024,1000,Tier2,5,Normal,Another,Strong,201,154,0,0,787,42,0,10,18,0,112,137,[914],500,,"[500001,91017]",0,TRUE,10003,[20250024],"[21250009,21550001]",Manual,0,,300,150,TRUE,20000000,1200,2500,,,"[21000026,21000034]",0,FALSE,Normal,,TRUE
10402334,10402334,2T 스켈레톤 마법병_1인 던전 (마나 회복 버프)_2구역 첫번째,넘치는 생기의 해골 마법사,0,10024,1000,Tier2,5,Normal,Another,Strong,201,154,0,0,787,42,0,10,18,0,112,137,[915],500,,"[500001,91017]",0,TRUE,10003,[20250024],"[21250009,21550001]",Manual,0,,300,150,TRUE,20000000,1200,2500,,,"[21000030,21000034]",0,FALSE,Normal,,TRUE
10402335,10402335,2T 스켈레톤 전사_1인 던전_2구역 두번째_땅속 스폰,잊혀진 해골 궁병,0,10025,1000,Tier2,5,Normal,Another,Normal,201,117,0,0,820,32,0,10,15,0,90,110,[904],0,,"[500001,91017]",0,TRUE,25,"[21110017,21110018]",[21310001],Random,0,,350,175,TRUE,20000000,1200,2500,,,[21000034],0,FALSE,Normal,,TRUE
10402336,10402336,2T 스켈레톤 전사_1인 던전_3구역 첫번째 _기어오르는 스폰,이즈나 내성 해골 전사,0,10025,1000,Tier2,5,Normal,Another,Strong,201,103,0,0,1181,28,0,10,18,0,112,137,[903],0,,"[500001,91017]",0,TRUE,25,"[21110017,21110018]",[21110019],Random,0,,350,175,TRUE,20000000,1200,2500,,,[21000034],0,FALSE,Normal,,TRUE
10402337,10402337,2T 스켈레톤 창병_1인 던전_3구역 첫번째 _기어오르는 스폰,이즈나 내성 해골 창병,0,10023,1000,Tier2,5,Normal,Another,Strong,201,128,0,0,984,35,0,10,18,0,112,137,[903],0,,"[500001,91017]",0,TRUE,25,"[21110012,21110013]","[21110014,21110015]",Random,0,,350,175,TRUE,20000000,1200,2500,,,[21000034],0,FALSE,Normal,,TRUE
10402338,10402338,2T 스켈레톤 마법병_1인 던전_3구역 첫번째 _기어오르는 스폰,이즈나 내성 해골 마법병,0,10024,1000,Tier2,5,Normal,Another,Strong,201,154,0,0,787,42,0,10,18,0,112,137,[903],0,,"[500001,91017]",0,TRUE,10003,[20250024],"[21250009,21550001]",Manual,0,,300,150,TRUE,20000000,1200,2500,,,[21000034],0,FALSE,Normal,,TRUE
10402339,10402339,2T 스켈레톤 마법병_1인 던전 (생명력 회복 버프)_2구역 첫번째,강인한 집념의 이즈나 마법병,0,10024,1000,Tier2,5,Normal,Another,Strong,201,154,0,0,787,42,0,10,18,0,112,137,[914],500,,[500001],0,TRUE,10003,[20250024],"[21250009,21550001]",Manual,0,,300,150,TRUE,20000000,1200,2500,,,"[21000026,21000034]",0,FALSE,Normal,,TRUE
10402703,10402703,2T 스켈레톤 마법병_1인 던전,잊혀진 해골 마법사,0,10024,1000,Tier2,5,Normal,Another,Strong,201,154,0,0,787,42,0,10,18,0,112,137,[903],0,,"[500001,91017]",0,TRUE,10003,[20250024],"[21250009,21550001]",Manual,0,,300,150,TRUE,20000000,1200,2500,,,[21000034],0,FALSE,Normal,,TRUE
10402704,10402704,2T 스켈레톤 마법병_1인 던전,잊혀진 해골 마법사,0,10024,1000,Tier2,5,Normal,Another,Strong,201,154,0,0,787,42,0,10,18,0,112,137,[903],0,,"[500001,91017]",0,TRUE,10003,[20250024],"[21250009,21550001]",Manual,0,,300,150,TRUE,20000000,1200,2500,,,[21000034],0,FALSE,Normal,,TRUE
10490324,10490324,스켈레톤 궁병(퀘스트용) - 2T,잊혀진 해골 궁병,0,10022,1000,Tier2,5,Normal,Another,Normal,201,117,0,0,820,32,0,10,15,0,0,0,,,,"[500001,91017]",,TRUE,10001,[20250011],[21250007],Manual,0,,300,150,TRUE,20000000,1200,2500,,,[21000034],0,FALSE,Normal,,TRUE
10490325,10490325,스켈레톤 전사(퀘스트용) - 2T,잊혀진 해골 전사,0,10025,1000,Tier2,5,Normal,Another,Normal,201,93,0,0,984,25,0,10,15,0,0,0,,,,"[500001,91017]",,TRUE,25,"[21110017,21110018]",[21310001],Random,0,,350,175,TRUE,20000000,1200,2500,,,[21000034],0,FALSE,Normal,,TRUE
10490326,10490326,스켈레톤 창병(퀘스트용) - 2T,잊혀진 해골 창병,0,10023,1000,Tier2,5,Normal,Another,Normal,201,117,0,0,820,32,0,10,15,0,0,0,,,,"[500001,91017]",,TRUE,25,"[21110012,21110013]","[21110014,21110015]",Random,0,,350,175,TRUE,20000000,1200,2500,,,[21000034],0,FALSE,Normal,,TRUE
10490327,10490327,스켈레톤 마법병(퀘스트용) - 2T,강인한 집념의 해골 마법사,0,10024,1000,Tier2,5,Normal,Another,Strong,201,154,0,0,787,42,0,10,18,0,0,0,,,,"[500001,91017]",,TRUE,10003,[20250024],[21250009],Manual,0,,300,150,TRUE,20000000,1200,2500,,,"[21000026,21000034]",0,FALSE,Normal,,TRUE
10702307,10702307,2T 팬텀 겅병_1인 던전 Phantom_SK_02,이즈나 외성 근위병의 망령,0,10033,1000,Tier2,1,Normal,Undead,Strong,201,103,0,0,1181,28,0,10,18,0,112,137,[903],0,,"[500001,91018]",0,TRUE,25,"[21110038,21110039]","[21110040,21110041]",Random,0,,350,175,TRUE,20000000,1200,2500,,,[21000034],0,FALSE,Normal,,TRUE
10702308,10702308,2T 팬텀 겅병_1인 던전 Phantom_SK_02,이즈나 외성 경비병의 망령,0,10030,1000,Tier2,1,Normal,Undead,Strong,201,128,0,0,984,35,0,10,18,0,112,137,[912],0,,"[500001,91018]",0,TRUE,25,[21250013],"[21310007,21250014]",Random,0,,350,175,TRUE,20000000,1200,2500,,,[21000034],0,FALSE,Normal,,TRUE
10702309,10702309,2T 팬텀 창병_1인 던전,이즈나 내성 경비병의 망령,0,10032,1000,Tier2,5,Normal,Another,Strong,201,128,0,0,984,35,0,10,18,0,112,137,[903],0,,"[500001,91018]",0,TRUE,25,[21110035],"[21110036,21110037]",Random,0,,350,175,TRUE,20000000,1200,2500,,,[21000034],0,FALSE,Normal,,TRUE
10702310,10702310,2T 팬텀 대검병_1인 던전,이즈나 근위기사의 망령,0,10031,1000,Tier2,5,Normal,Another,Strong,201,103,0,0,1181,28,0,10,18,0,112,137,[903],0,,"[500001,91018]",0,TRUE,25,"[21110031,21110032]","[21110033,21110034]",Random,0,,350,175,TRUE,20000000,1200,2500,,,[21000034],0,FALSE,Normal,,TRUE
10702503,10702503,2T 팬텀 겅병_1인 던전 (생명력 회복 버프),데로스 직속 부관의 망령,0,10034,1000,Tier2,5,Normal,Another,Strong,201,128,0,0,984,35,0,10,18,0,112,137,[914],500,,"[500001,91018]",0,TRUE,10702503,"[21110042,21110043]","[21510003,21110044,23410002]",Manual,0,,350,175,TRUE,20000000,1200,2500,,,"[21000026,21000034,21000002]",0,FALSE,Normal,,TRUE
10702504,10702504,2T 팬텀 대검병_1인 던전,폴라리우스 직속 근위기사의 망령,0,10031,1000,Tier2,5,Normal,Another,Commander,201,112,0,0,1476,31,0,10,22,0,135,165,[903],0,,"[500001,91018]",0,TRUE,25,"[21110031,21110032]","[21110033,21110034]",Random,0,,350,175,TRUE,20000000,1200,2500,,,[21000034],0,FALSE,Normal,,TRUE
10702505,10702505,2T 팬텀 양손도끼병_1인 던전 (마나 회복 버프),데로스 직속 부관의 망령,0,10034,1000,Tier2,5,Normal,Another,Commander,201,140,0,0,1230,38,0,10,22,0,135,165,[915],500,,"[500001,91018]",0,TRUE,10702503,"[21110042,21110043]","[21510003,21110044,23410002]",Manual,0,,350,175,TRUE,20000000,1200,2500,,,"[21000030,21000034,21000002]",0,FALSE,Normal,,TRUE
10702703,10702703,2T 팬텀 양손도끼병_1인 던전,이즈나 외성 부관의 망령,0,10034,1000,Tier2,5,Normal,Another,Strong,201,128,0,0,984,35,0,10,18,0,112,137,[903],0,,"[500001,91018]",0,TRUE,25,"[21110042,21110043]","[21510003,21110044]",Random,0,,350,175,TRUE,20000000,1200,2500,,,[21000034],0,FALSE,Normal,,TRUE
10702704,10702704,2T 팬텀 양손도끼병_1인 던전,폴라리우스 직속 근위기사의 망령,0,10034,1000,Tier2,5,Normal,Another,Commander,201,112,0,0,1476,31,0,10,22,0,135,165,[903],0,,"[500001,91018]",0,TRUE,25,"[21110042,21110043]","[21510003,21110044]",Random,0,,350,175,TRUE,20000000,1200,2500,,,[21000034],0,FALSE,Normal,,TRUE
10702804,10702804,2T 팬텀 대장_1인 던전,외성 경비대장 데로스의 망령,0,10035,1000,Tier2,5,Boss,Ancient,Hero,201,175,0,0,4101,48,0,10,60,0,360,440,"[914,915]",400,,"[500001,91018]",0,TRUE,10701801,"[25110015,25110016,25110017]","[25110018,25310001,25110019,25110020,25550001,25410001]",Manual,0,,350,175,TRUE,20000000,1200,2500,2000,25550001,"[20000002,21000001,21000034]",0,FALSE,Normal,,TRUE
10702805,10702805,2T 팬텀 대장_1인 던전,내성 경비대장 폴라리우스의 망령,0,10035,1000,Tier2,5,Boss,Ancient,Hero,201,210,0,0,3281,57,0,10,60,0,360,440,"[914,915]",400,,"[500001,91018]",0,TRUE,10702805,"[25110015,25110016,25110017]","[25110018,25310001,25110019,25110020,25550001,25410001]",Manual,0,,350,175,TRUE,20000000,1200,2500,2000,25550001,"[20000002,21000007,21000034]",0,FALSE,Normal,,TRUE
10902802,10902802,2T 오우거_1인 던전,잔재를 수호하는 오우거,0,10037,1000,Tier2,1,Normal,Another,Hero,201,175,0,0,4101,48,0,10,60,0,360,440,,,,"[500001,424016]",0,TRUE,13002,"[25110001,25110002]","[25110003,25110004,25110005,25110006,25110007]",Manual,0,,350,175,TRUE,20000000,1200,2500,3000,25750001,[20000002],0,FALSE,Normal,,TRUE
90002903,90002903,2T 말카바돈_1인 던전,분노의 잔재 말카바돈,0,10085,1000,Tier2,5,Boss,Ancient,Boss,201,234,0,0,12304,64,0,10,120,0,720,880,[917],0,,[500001],0,TRUE,900002,"[30250001,30250002]","[30310008,30210001,30210002,30210003,30310009,30110007,30110008,30110009,30110010,30110011,30110012,30110013,30310010,30310011,30310012,30310014,30410005,30410006]",Manual,0,,400,200,FALSE,20000000,1200,2500,,,[20000002],250,FALSE,Never,,TRUE
90002904,90002904,2T 말카바돈_1인 던전,격노의 잔재 말카바돈,0,10085,1000,Tier3,5,Boss,Ancient,Boss,201,312,0,0,16402,65,0,10,176,0,1080,1320,[918],0,,[500007],0,TRUE,900002,"[30250001,30250002]","[30310008,30210001,30210002,30210003,30310009,30110007,30110008,30110009,30110010,30110011,30110012,30110013,30310010,30310011,30310012,30310014,30410005,30410006]",Manual,0,,400,200,FALSE,20000000,1200,2500,,,[20000002],250,FALSE,Never,,TRUE
90102101,90102101,폴라리우스의 파편 조각,대학살의 파편 조각,0,40013,1000,Tier2,1,Normal,Another,Normal,201,117,0,0,820,32,0,0,15,0,,,,,,[500001],0,TRUE,90102101,,[21450001],Manual,0,,0,0,FALSE,20000000,1200,2500,,,[21000004],0,FALSE,Never,,FALSE
95001113,95001113,피격 시 폭발하는 석상,폭발하는 석상,0,40002,400,Tier1,50,Normal,Another,Normal,201,57,0,0,242,19,0,0,10,0,10,10,,,,[],0,TRUE,12,[20310001],[20310001],Random,0,,0,0,FALSE,20000000,1200,2500,,,[21000008],0,FALSE,Never,,TRUE
95001114,95001114,인터렉션 시 버프를 지급하는 석상,축복의 석상,0,40003,400,Tier1,50,Normal,Another,Normal,101,57,0,0,242,19,0,0,10,0,10,10,,,,[],0,TRUE,10,,,Random,0,,0,0,FALSE,20000000,1200,2500,,,[21000009],0,FALSE,Never,,TRUE
95001115,95001115,몬스터 사망 시 드랍되는 이속버프 구슬,이동속도 구슬,0,40001,1000,Tier1,1,Normal,Another,Normal,101,57,0,0,242,19,0,0,10,0,10,10,,,,[],0,TRUE,10,,,Random,0,,0,0,FALSE,20000000,400,2000,,,[21000027],0,FALSE,Never,,TRUE
95001116,95001116,몬스터 사망 시 드랍되는 공속버프 구슬,공격속도 구슬,0,40001,1000,Tier1,1,Normal,Another,Normal,101,57,0,0,242,19,0,0,10,0,10,10,,,,[],0,TRUE,10,,,Random,0,,0,0,FALSE,20000000,400,2000,,,[21000015],0,FALSE,Never,,TRUE
95001117,95001117,몬스터 사망 시 드랍되는 이속버프 구슬_v2,이동속도 구슬 v2,0,40000,1000,Tier1,1,Normal,Another,Normal,101,57,0,0,242,19,0,0,10,0,10,10,,,,[],0,FALSE,800005,[20450001],[20450001],Random,0,,0,0,FALSE,20000000,1000,2000,,,[21000018],0,FALSE,Never,,TRUE
95001118,95001118,몬스터 사망 시 드랍되는 공속버프 구슬_v2,공격속도 구슬 v2,0,40000,1000,Tier1,1,Normal,Another,Normal,101,57,0,0,242,19,0,0,10,0,10,10,,,,[],0,FALSE,800005,[20450002],[20450002],Random,0,,0,0,FALSE,20000000,1000,2000,,,[21000019],0,FALSE,Never,,TRUE
95001119,95001119,몬스터 사망 시 드랍되는 시전시간 감소 버프 구슬_v2,시전시간 감소 구슬 v2,0,40000,1000,Tier1,1,Normal,Another,Normal,101,57,0,0,242,19,0,0,10,0,10,10,,,,[],0,FALSE,800005,[20450003],[20450003],Random,0,,0,0,FALSE,20000000,1000,2000,,,[21000020],0,FALSE,Never,,TRUE
95001120,95001120,몬스터 사망 시 드랍되는 시전감소 구슬,시전감소 구슬,0,40001,1000,Tier1,1,Normal,Another,Normal,101,57,0,0,242,19,0,0,10,0,10,10,,,,[],0,TRUE,10,,,Random,0,,0,0,FALSE,20000000,400,2000,,,[21000031],0,FALSE,Never,,TRUE
90001901,90001901,스칼니토스(필드 레이드 보스),스칼니토스,0,10084,1000,Tier1,10,Boss,Another,Boss,202,115,0,0,3634,38,0,2876,80,0,144,176,,,,[91020],0,TRUE,900001,[30110001],"[30110002,30110003,30310001,30310002,30310003,30310004,30110005,30110006,30310005,30310006,30410001,30410002,30410003,30410004,30310007]",Manual,0,,600,300,FALSE,20000000,1500,4000,,,[20000002],250,FALSE,Never,,TRUE
90003901,90003901,스칼니토스(필드 레이드 보스),스칼니토스,0,10084,1000,Tier3,10,Boss,Another,Boss,202,312,0,0,16402,65,0,2876,176,0,144,176,,,,"[500007,91020]",0,TRUE,900001,[30110001],"[30110002,30110003,30310001,30310002,30310003,30310004,30110005,30110006,30310005,30310006,30410001,30410002,30410003,30410004,30310007]",Manual,0,,600,300,FALSE,20000000,1500,4000,,,[20000002],250,FALSE,Never,,TRUE
90001902,90001902,말카바돈(던전 레이드 보스),말카바돈,0,10085,1000,Tier1,10,Boss,Ancient,Boss,202,115,0,0,3634,38,0,2876,80,0,144,176,,,,[],0,TRUE,900002,"[30250001,30250002]","[30310008,30210001,30210002,30210003,30310009,30110007,30110008,30110009,30110010,30110011,30110012,30110013,30310010,30310011,30310012,30310014,30410005,30410006]",Manual,0,,400,200,FALSE,20000000,1500,4000,3000,30310013,[20000002],250,FALSE,Never,,TRUE
90001101,90001101,말카바돈 기술2 화염지대 토템,말카바돈의 화염지대,0,40001,1000,Tier1,10,Normal,Ancient,Normal,101,57,0,0,242,19,0,0,10,0,10,10,,,,[],0,TRUE,10,,,Random,0,,0,0,FALSE,0,400,2000,,,[21000051],0,FALSE,Never,,TRUE
90003902,90003902,하얀 모래의 페르눈,하얀 모래의 페르눈,0,10086,1500,Tier3,20,Boss,Animal,Boss,201,249,0,0,19683,52,0,2876,176,0,144,176,,,,[500007],0,TRUE,10,"[30110016,30110017]","[30110018,30110019,30110020,30110021,30350003,30350004,30310016,30110022]",Random,0,,500,250,FALSE,20000000,1500,4000,,,[20000002],250,FALSE,Never,,TRUE
90003903,90003903,영혼을 거두는 모르가리스,영혼을 거두는 모르가리스,0,10087,1300,Tier3,20,Boss,Undead,Boss,201,312,0,0,16402,114,0,2876,176,0,144,176,,,,[500007],0,TRUE,10,"[30110023,30110024,30110025]","[30210004,30310017,30310018,30110026,30310019,30710001,30510001]",Random,0,,500,250,FALSE,0,1500,4000,,,[20000002],250,FALSE,Never,,TRUE
90003701,90003701,영혼을 거두는 모르가리스(분신체),영혼을 거두는 모르가리스,0,10088,1300,Tier3,20,Normal,Undead,Commander,201,312,0,0,16402,114,0,2876,33,0,144,176,,,,[500007],0,TRUE,10,"[30110023,30110024,30110025]",[30110026],Random,0,,500,250,FALSE,0,600,2500,,,[20000002],250,FALSE,Never,,TRUE
90101101,90101101,나무 상자 1,상자,0,40004,1000,Tier1,1,Normal,Machine,Normal,201,0,0,0,1,10000,10000,0,10,0,10,10,,,,[],0,TRUE,10,,,Random,0,,0,0,FALSE,20000000,0,0,,,,0,FALSE,Never,,FALSE
90101102,90101102,나무 상자 2,상자,0,40005,1000,Tier1,1,Normal,Machine,Normal,201,0,0,0,1,10000,10000,0,10,0,10,10,,,,[],0,TRUE,10,,,Random,0,,0,0,FALSE,20000000,0,0,,,,0,FALSE,Never,,FALSE
90101103,90101103,나무 상자 1+2,상자,0,40006,1000,Tier1,1,Normal,Machine,Normal,201,0,0,0,3,10000,10000,0,10,0,10,10,,,,[],0,TRUE,10,,,Random,0,,0,0,FALSE,20000000,0,0,,,,0,FALSE,Never,,FALSE
90101104,90101104,목책,목책,0,40007,1000,Tier1,1,Normal,Machine,Normal,201,0,0,0,5,10000,10000,0,10,0,10,10,,,,[],0,TRUE,10,,,Random,0,,0,0,FALSE,20000000,0,0,,,,0,FALSE,Never,,FALSE
90101105,90101105,목제 방벽,목책,0,40008,1000,Tier1,1,Normal,Machine,Normal,201,0,0,0,20,10000,10000,0,10,0,10,10,,,,[],0,TRUE,10,,,Random,0,,0,0,FALSE,20000000,0,0,,,,0,FALSE,Never,,FALSE
90101106,90101106,나무 상자 3,상자,0,40009,1000,Tier1,1,Normal,Machine,Normal,201,0,0,0,1,10000,10000,0,10,0,10,10,,,,[],0,TRUE,10,,,Random,0,,0,0,FALSE,20000000,0,0,,,,0,FALSE,Never,,FALSE
90101107,90101107,나무 상자 3 3개,상자,0,40010,1000,Tier1,1,Normal,Machine,Normal,201,0,0,0,3,10000,10000,0,10,0,10,10,,,,[],0,TRUE,10,,,Random,0,,0,0,FALSE,20000000,0,0,,,,0,FALSE,Never,,FALSE
90101108,90101108,나무 통 1,통,0,40011,1000,Tier1,1,Normal,Machine,Normal,201,0,0,0,1,10000,10000,0,10,0,10,10,,,,[],0,TRUE,10,,,Random,0,,0,0,FALSE,20000000,0,0,,,,0,FALSE,Never,,FALSE
90101109,90101109,나무 통 1 3개,통,0,40012,1000,Tier1,1,Normal,Machine,Normal,201,0,0,0,3,10000,10000,0,10,0,10,10,,,,[],0,TRUE,10,,,Random,0,,0,0,FALSE,20000000,0,0,,,,0,FALSE,Never,,FALSE
201135,201135,전장의 모닥불,따뜻한 모닥불,0,40000,1000,Tier1,10,Normal,Human,Normal,203,100,0,0,4000,0,0,0,10,0,10,10,,,,[],0,TRUE,20,,,Random,0,,0,0,TRUE,20000000,3000,3000,,,,0,FALSE,Normal,,TRUE
201136,201136,은은한 모닥불,은은한 모닥불,0,40000,1000,Tier1,10,Normal,Human,Normal,203,100,0,0,2000,0,0,0,10,0,10,10,,,,[],0,TRUE,20,,,Random,0,,0,0,TRUE,20000000,400,2000,,,,0,FALSE,Normal,,TRUE
201137,201137,안전지대 모닥불,안전지대 모닥불,0,40000,1000,Tier1,10,Normal,Human,Normal,203,100,0,0,8000,0,0,0,10,0,10,10,,,,[],0,TRUE,20,,,Random,0,,0,0,TRUE,20000000,8000,8000,,,,0,FALSE,Normal,,TRUE
95001121,95001121,폭발토템,폭발토템,0,40001,1000,Tier1,10,Normal,Another,Normal,202,10000,0,0,2000,0,0,0,10,0,10,10,,,,[],0,TRUE,20,,,Random,0,,0,0,TRUE,20000000,8000,8000,,,,0,FALSE,Normal,,TRUE
99901101,99901101,TEST [임시] 드랍 테스트 몹,드랍 테스트 몹,0,10020,250,Tier1,1,Normal,Animal,Normal,201,12,0,0,92,12,12,12,10,0,10,10,[901],200,,[],0,TRUE,10,"[21110004,21110005]",[21110006],Random,0,,300,150,TRUE,20000000,400,2000,,,,0,FALSE,Normal,,TRUE
99901102,99901102,놀 우두머리 - 부하소환 테스트용,놀 우두머리(테스트),0,10014,500,Tier1,1,Normal,Another,Hero,204,61,0,0,911,24,24,219,40,0,10,10,,,,[91011],0,TRUE,10,"[29110001,29110002,29110003,29110004]",[39990001],Random,0,,350,175,FALSE,20000000,1000,3000,,,[20000002],0,FALSE,Never,,TRUE
99901103,99901103,피 묻은 손 간부 - 기술 인디케이터 테스트용,피 묻은 손 간부(테스트),0,10053,1000,Tier1,1,Normal,Human,Normal,201,135,0,0,6003,37,37,10,10,0,10,10,,,,[],0,TRUE,10,[20250024],"[21990001,21990002,21990003,21990004,21990005,21990006,21990007,21990008]",Random,0,,315,157,TRUE,20000000,400,2000,,,,0,FALSE,Normal,,TRUE
99901801,99901801,스탯 테스트용 오크 족장_AttackVary,스탯 테스트용 오크 족장_AttackVary,0,10019,1000,Tier2,5,Boss,Another,Hero,201,41,0,0,1384,21,21,20,60,0,10,10,,,,"[500001,91009]",0,TRUE,8005,"[29110018,29110019,29110020,29110022]","[29110028,29110032,20410003]",Manual,0,,350,175,FALSE,20000000,1000,3000,,,"[20000002,99000022]",0,FALSE,Never,,TRUE
99901802,99901802,스탯 테스트용 오크 족장_PhysicalDefenseVary,스탯 테스트용 오크 족장_PhysicalDefenseVary,0,10019,1000,Tier2,5,Boss,Another,Hero,201,41,0,0,1384,21,21,20,60,0,10,10,,,,"[500001,91009]",0,TRUE,8005,"[29110018,29110019,29110020,29110022]","[29110028,29110032,20410003]",Manual,0,,350,175,FALSE,20000000,1000,3000,,,"[20000002,99000023]",0,FALSE,Never,,TRUE
99901803,99901803,스탯 테스트용 오크 족장_MagicDefenseVary,스탯 테스트용 오크 족장_MagicDefenseVary,0,10019,1000,Tier2,5,Boss,Another,Hero,201,41,0,0,1384,21,21,20,60,0,10,10,,,,"[500001,91009]",0,TRUE,8005,"[29110018,29110019,29110020,29110022]","[29110028,29110032,20410003]",Manual,0,,350,175,FALSE,20000000,1000,3000,,,"[20000002,99000024]",0,FALSE,Never,,TRUE
99901804,99901804,스탯 테스트용 오크 족장_AtkSpeedVaryper,스탯 테스트용 오크 족장_AtkSpeedVaryper,0,10019,1000,Tier2,5,Boss,Another,Hero,201,41,0,0,1384,21,21,20,60,0,10,10,,,,"[500001,91009]",0,TRUE,8005,"[29110018,29110019,29110020,29110022]","[29110028,29110032,20410003]",Manual,0,,350,175,FALSE,20000000,1000,3000,,,"[20000002,99000025]",0,FALSE,Never,,TRUE
99901805,99901805,스탯 테스트용 오크 족장_MoveSpeedVaryper,스탯 테스트용 오크 족장_MoveSpeedVaryper,0,10019,1000,Tier2,5,Boss,Another,Hero,201,41,0,0,1384,21,21,20,60,0,10,10,,,,"[500001,91009]",0,TRUE,8005,"[29110018,29110019,29110020,29110022]","[29110028,29110032,20410003]",Manual,0,,350,175,FALSE,20000000,1000,3000,,,"[20000002,99000026]",0,FALSE,Never,,TRUE
99901806,99901806,스탯 테스트용 오크 족장_MaxHpVary,스탯 테스트용 오크 족장_MaxHpVary,0,10019,1000,Tier2,5,Boss,Another,Hero,201,41,0,0,1384,21,21,20,60,0,10,10,,,,"[500001,91009]",0,TRUE,8005,"[29110018,29110019,29110020,29110022]","[29110028,29110032,20410003]",Manual,0,,350,175,FALSE,20000000,1000,3000,,,"[20000002,99000027]",0,FALSE,Never,,TRUE
99901807,99901807,스탯 테스트용 오크 족장_MaxMpVary,스탯 테스트용 오크 족장_MaxMpVary,0,10019,1000,Tier2,5,Boss,Another,Hero,201,41,0,0,1384,21,21,20,60,0,10,10,,,,"[500001,91009]",0,TRUE,8005,"[29110018,29110019,29110020,29110022]","[29110028,29110032,20410003]",Manual,0,,350,175,FALSE,20000000,1000,3000,,,"[20000002,99000028]",0,FALSE,Never,,TRUE
99901808,99901808,스탯 테스트용 오크 족장_RegenHpVary,스탯 테스트용 오크 족장_RegenHpVary,0,10019,1000,Tier2,5,Boss,Another,Hero,201,41,0,0,1384,21,21,20,60,0,10,10,,,,"[500001,91009]",0,TRUE,8005,"[29110018,29110019,29110020,29110022]","[29110028,29110032,20410003]",Manual,0,,350,175,FALSE,20000000,1000,3000,,,"[20000002,99000029]",0,FALSE,Never,,TRUE
99901809,99901809,스탯 테스트용 오크 족장_RegenMpVary,스탯 테스트용 오크 족장_RegenMpVary,0,10019,1000,Tier2,5,Boss,Another,Hero,201,41,0,0,1384,21,21,20,60,0,10,10,,,,"[500001,91009]",0,TRUE,8005,"[29110018,29110019,29110020,29110022]","[29110028,29110032,20410003]",Manual,0,,350,175,FALSE,20000000,1000,3000,,,"[20000002,99000030]",0,FALSE,Never,,TRUE
99901810,99901810,스탯 테스트용 오크 족장_DamageUpVaryper,스탯 테스트용 오크 족장_DamageUpVaryper,0,10019,1000,Tier2,5,Boss,Another,Hero,201,41,0,0,1384,21,21,20,60,0,10,10,,,,"[500001,91009]",0,TRUE,8005,"[29110018,29110019,29110020,29110022]","[29110028,29110032,20410003]",Manual,0,,350,175,FALSE,20000000,1000,3000,,,"[20000002,99000031]",0,FALSE,Never,,TRUE
99901811,99901811,스탯 테스트용 오크 족장_DamageDownVaryPer,스탯 테스트용 오크 족장_DamageDownVaryPer,0,10019,1000,Tier2,5,Boss,Another,Hero,201,41,0,0,1384,21,21,20,60,0,10,10,,,,"[500001,91009]",0,TRUE,8005,"[29110018,29110019,29110020,29110022]","[29110028,29110032,20410003]",Manual,0,,350,175,FALSE,20000000,1000,3000,,,"[20000002,99000032]",0,FALSE,Never,,TRUE
99901812,99901812,스탯 테스트용 오크 족장_PhysicalDamageUpPer,스탯 테스트용 오크 족장_PhysicalDamageUpPer,0,10019,1000,Tier2,5,Boss,Another,Hero,201,41,0,0,1384,21,21,20,60,0,10,10,,,,"[500001,91009]",0,TRUE,8005,"[29110018,29110019,29110020,29110022]","[29110028,29110032,20410003]",Manual,0,,350,175,FALSE,20000000,1000,3000,,,"[20000002,99000033]",0,FALSE,Never,,TRUE
99901813,99901813,스탯 테스트용 오크 족장_PhysicalDamageDownPer,스탯 테스트용 오크 족장_PhysicalDamageDownPer,0,10019,1000,Tier2,5,Boss,Another,Hero,201,41,0,0,1384,21,21,20,60,0,10,10,,,,"[500001,91009]",0,TRUE,8005,"[29110018,29110019,29110020,29110022]","[29110028,29110032,20410003]",Manual,0,,350,175,FALSE,20000000,1000,3000,,,"[20000002,99000034]",0,FALSE,Never,,TRUE
99901814,99901814,스탯 테스트용 오크 족장_MagicDamageUpPer,스탯 테스트용 오크 족장_MagicDamageUpPer,0,10019,1000,Tier2,5,Boss,Another,Hero,201,41,0,0,1384,21,21,20,60,0,10,10,,,,"[500001,91009]",0,TRUE,8005,"[29110018,29110019,29110020,29110022]","[29110028,29110032,20410003]",Manual,0,,350,175,FALSE,20000000,1000,3000,,,"[20000002,99000035]",0,FALSE,Never,,TRUE
99901815,99901815,스탯 테스트용 오크 족장_MagicDamageDownPer,스탯 테스트용 오크 족장_MagicDamageDownPer,0,10019,1000,Tier2,5,Boss,Another,Hero,201,41,0,0,1384,21,21,20,60,0,10,10,,,,"[500001,91009]",0,TRUE,8005,"[29110018,29110019,29110020,29110022]","[29110028,29110032,20410003]",Manual,0,,350,175,FALSE,20000000,1000,3000,,,"[20000002,99000036]",0,FALSE,Never,,TRUE
99901816,99901816,스탯 테스트용 오크 족장_PVEDamageUpPer,스탯 테스트용 오크 족장_PVEDamageUpPer,0,10019,1000,Tier2,5,Boss,Another,Hero,201,41,0,0,1384,21,21,20,60,0,10,10,,,,"[500001,91009]",0,TRUE,8005,"[29110018,29110019,29110020,29110022]","[29110028,29110032,20410003]",Manual,0,,350,175,FALSE,20000000,1000,3000,,,"[20000002,99000037]",0,FALSE,Never,,TRUE
99901817,99901817,스탯 테스트용 오크 족장_PVEDamageDownPer,스탯 테스트용 오크 족장_PVEDamageDownPer,0,10019,1000,Tier2,5,Boss,Another,Hero,201,41,0,0,1384,21,21,20,60,0,10,10,,,,"[500001,91009]",0,TRUE,8005,"[29110018,29110019,29110020,29110022]","[29110028,29110032,20410003]",Manual,0,,350,175,FALSE,20000000,1000,3000,,,"[20000002,99000038]",0,FALSE,Never,,TRUE
99901818,99901818,스탯 테스트용 오크 족장_PVPDamageUpPer,스탯 테스트용 오크 족장_PVPDamageUpPer,0,10019,1000,Tier2,5,Boss,Another,Hero,201,41,0,0,1384,21,21,20,60,0,10,10,,,,"[500001,91009]",0,TRUE,8005,"[29110018,29110019,29110020,29110022]","[29110028,29110032,20410003]",Manual,0,,350,175,FALSE,20000000,1000,3000,,,"[20000002,99000039]",0,FALSE,Never,,TRUE
99901819,99901819,스탯 테스트용 오크 족장_PVPDamageDownPer,스탯 테스트용 오크 족장_PVPDamageDownPer,0,10019,1000,Tier2,5,Boss,Another,Hero,201,41,0,0,1384,21,21,20,60,0,10,10,,,,"[500001,91009]",0,TRUE,8005,"[29110018,29110019,29110020,29110022]","[29110028,29110032,20410003]",Manual,0,,350,175,FALSE,20000000,1000,3000,,,"[20000002,99000040]",0,FALSE,Never,,TRUE
99901820,99901820,스탯 테스트용 오크 족장_DodgePer,스탯 테스트용 오크 족장_DodgePer,0,10019,1000,Tier2,5,Boss,Another,Hero,201,41,0,0,1384,21,21,20,60,0,10,10,,,,"[500001,91009]",0,TRUE,8005,"[29110018,29110019,29110020,29110022]","[29110028,29110032,20410003]",Manual,0,,350,175,FALSE,20000000,1000,3000,,,"[20000002,99000041]",0,FALSE,Never,,TRUE
99901821,99901821,스탯 테스트용 오크 족장_CriPer,스탯 테스트용 오크 족장_CriPer,0,10019,1000,Tier2,5,Boss,Another,Hero,201,41,0,0,1384,21,21,20,60,0,10,10,,,,"[500001,91009]",0,TRUE,8005,"[29110018,29110019,29110020,29110022]","[29110028,29110032,20410003]",Manual,0,,350,175,FALSE,20000000,1000,3000,,,"[20000002,99000042]",0,FALSE,Never,,TRUE
99901822,99901822,스탯 테스트용 오크 족장_CriDamageper,스탯 테스트용 오크 족장_CriDamageper,0,10019,1000,Tier2,5,Boss,Another,Hero,201,41,0,0,1384,21,21,20,60,0,10,10,,,,"[500001,91009]",0,TRUE,8005,"[29110018,29110019,29110020,29110022]","[29110028,29110032,20410003]",Manual,0,,350,175,FALSE,20000000,1000,3000,,,"[20000002,99000043]",0,FALSE,Never,,TRUE
99901823,99901823,스탯 테스트용 오크 족장_CoolTimeDecVaryper,스탯 테스트용 오크 족장_CoolTimeDecVaryper,0,10019,1000,Tier2,5,Boss,Another,Hero,201,41,0,0,1384,21,21,20,60,0,10,10,,,,"[500001,91009]",0,TRUE,8005,"[29110018,29110019,29110020,29110022]","[29110028,29110032,20410003]",Manual,0,,350,175,FALSE,20000000,1000,3000,,,"[99000043,99000044]",0,FALSE,Never,,TRUE
99901824,99901824,스탯 테스트용 오크 족장_SCNegativeRecoveryVary,스탯 테스트용 오크 족장_SCNegativeRecoveryVary,0,10019,1000,Tier2,5,Boss,Another,Hero,201,41,0,0,1384,21,21,20,60,0,10,10,,,,"[500001,91009]",0,TRUE,8005,"[29110018,29110019,29110020,29110022]","[29110028,29110032,20410003]",Manual,0,,350,175,FALSE,20000000,1000,3000,,,[99000045],0,FALSE,Never,,TRUE
